en,de,tr,pt,ar,ru,fr,it,pl,cs,fi,af,sq,am,fr-CA,hy,az,bn,bs,bg,ca,zh,zh-TW,hr,gu,da,fa-AF,nl,et,fa
en-game1,de-game1,tr-game1,pt-game1,ar-game1,ru-game1,fr-game1,it-game1,pl-game1,cs-game1,fi-game1,af-game1,sq-game1,am-game1,fr-CA-game1,hy-game1,az-game1,bn-game1,bs-game1,bg-game1,ca-game1,zh-game1,zh-TW-game1,hr-game1,gu-game1,da-game1,fa-AF-game1,nl-game1,et-game1,fa-game1
en-game2,de-game2,tr-game2,pt-game2,ar-game2,ru-game2,fr-game2,it-game2,pl-game2,cs-game2,fi-game2,af-game2,sq-game2,am-game2,fr-CA-game2,hy-game2,az-game2,bn-game2,bs-game2,bg-game2,ca-game2,zh-game2,zh-TW-game2,hr-game2,gu-game2,da-game2,fa-AF-game2,nl-game2,et-game2,fa-game2
en-game3,de-game3,tr-game3,pt-game3,ar-game3,ru-game3,fr-game3,it-game3,pl-game3,cs-game3,fi-game3,af-game3,sq-game3,am-game3,fr-CA-game3,hy-game3,az-game3,bn-game3,bs-game3,bg-game3,ca-game3,zh-game3,zh-TW-game3,hr-game3,gu-game3,da-game3,fa-AF-game3,nl-game3,et-game3,fa-game3
en-game4,de-game4,tr-game4,pt-game4,ar-game4,ru-game4,fr-game4,it-game4,pl-game4,cs-game4,fi-game4,af-game4,sq-game4,am-game4,fr-CA-game4,hy-game4,az-game4,bn-game4,bs-game4,bg-game4,ca-game4,zh-game4,zh-TW-game4,hr-game4,gu-game4,da-game4,fa-AF-game4,nl-game4,et-game4,fa-game4
en-game5,de-game5,tr-game5,pt-game5,ar-game5,ru-game5,fr-game5,it-game5,pl-game5,cs-game5,fi-game5,af-game5,sq-game5,am-game5,fr-CA-game5,hy-game5,az-game5,bn-game5,bs-game5,bg-game5,ca-game5,zh-game5,zh-TW-game5,hr-game5,gu-game5,da-game5,fa-AF-game5,nl-game5,et-game5,fa-game5
en-game6,de-game6,tr-game6,pt-game6,ar-game6,ru-game6,fr-game6,it-game6,pl-game6,cs-game6,fi-game6,af-game6,sq-game6,am-game6,fr-CA-game6,hy-game6,az-game6,bn-game6,bs-game6,bg-game6,ca-game6,zh-game6,zh-TW-game6,hr-game6,gu-game6,da-game6,fa-AF-game6,nl-game6,et-game6,fa-game6
en-game7,de-game7,tr-game7,pt-game7,ar-game7,ru-game7,fr-game7,it-game7,pl-game7,cs-game7,fi-game7,af-game7,sq-game7,am-game7,fr-CA-game7,hy-game7,az-game7,bn-game7,bs-game7,bg-game7,ca-game7,zh-game7,zh-TW-game7,hr-game7,gu-game7,da-game7,fa-AF-game7,nl-game7,et-game7,fa-game7
en-game8,de-game8,tr-game8,pt-game8,ar-game8,ru-game8,fr-game8,it-game8,pl-game8,cs-game8,fi-game8,af-game8,sq-game8,am-game8,fr-CA-game8,hy-game8,az-game8,bn-game8,bs-game8,bg-game8,ca-game8,zh-game8,zh-TW-game8,hr-game8,gu-game8,da-game8,fa-AF-game8,nl-game8,et-game8,fa-game8
en-game9,de-game9,tr-game9,pt-game9,ar-game9,ru-game9,fr-game9,it-game9,pl-game9,cs-game9,fi-game9,af-game9,sq-game9,am-game9,fr-CA-game9,hy-game9,az-game9,bn-game9,bs-game9,bg-game9,ca-game9,zh-game9,zh-TW-game9,hr-game9,gu-game9,da-game9,fa-AF-game9,nl-game9,et-game9,fa-game9
en-game10,de-game10,tr-game10,pt-game10,ar-game10,ru-game10,fr-game10,it-game10,pl-game10,cs-game10,fi-game10,af-game10,sq-game10,am-game10,fr-CA-game10,hy-game10,az-game10,bn-game10,bs-game10,bg-game10,ca-game10,zh-game10,zh-TW-game10,hr-game10,gu-game10,da-game10,fa-AF-game10,nl-game10,et-game10,fa-game10
en-game11,de-game11,tr-game11,pt-game11,ar-game11,ru-game11,fr-game11,it-game11,pl-game11,cs-game11,fi-game11,af-game11,sq-game11,am-game11,fr-CA-game11,hy-game11,az-game11,bn-game11,bs-game11,bg-game11,ca-game11,zh-game11,zh-TW-game11,hr-game11,gu-game11,da-game11,fa-AF-game11,nl-game11,et-game11,fa-game11
en-game12,de-game12,tr-game12,pt-game12,ar-game12,ru-game12,fr-game12,it-game12,pl-game12,cs-game12,fi-game12,af-game12,sq-game12,am-game12,fr-CA-game12,hy-game12,az-game12,bn-game12,bs-game12,bg-game12,ca-game12,zh-game12,zh-TW-game12,hr-game12,gu-game12,da-game12,fa-AF-game12,nl-game12,et-game12,fa-game12
en-game13,de-game13,tr-game13,pt-game13,ar-game13,ru-game13,fr-game13,it-game13,pl-game13,cs-game13,fi-game13,af-game13,sq-game13,am-game13,fr-CA-game13,hy-game13,az-game13,bn-game13,bs-game13,bg-game13,ca-game13,zh-game13,zh-TW-game13,hr-game13,gu-game13,da-game13,fa-AF-game13,nl-game13,et-game13,fa-game13
en-game14,de-game14,tr-game14,pt-game14,ar-game14,ru-game14,fr-game14,it-game14,pl-game14,cs-game14,fi-game14,af-game14,sq-game14,am-game14,fr-CA-game14,hy-game14,az-game14,bn-game14,bs-game14,bg-game14,ca-game14,zh-game14,zh-TW-game14,hr-game14,gu-game14,da-game14,fa-AF-game14,nl-game14,et-game14,fa-game14
en-game15,de-game15,tr-game15,pt-game15,ar-game15,ru-game15,fr-game15,it-game15,pl-game15,cs-game15,fi-game15,af-game15,sq-game15,am-game15,fr-CA-game15,hy-game15,az-game15,bn-game15,bs-game15,bg-game15,ca-game15,zh-game15,zh-TW-game15,hr-game15,gu-game15,da-game15,fa-AF-game15,nl-game15,et-game15,fa-game15
en-game16,de-game16,tr-game16,pt-game16,ar-game16,ru-game16,fr-game16,it-game16,pl-game16,cs-game16,fi-game16,af-game16,sq-game16,am-game16,fr-CA-game16,hy-game16,az-game16,bn-game16,bs-game16,bg-game16,ca-game16,zh-game16,zh-TW-game16,hr-game16,gu-game16,da-game16,fa-AF-game16,nl-game16,et-game16,fa-game16
en-game17,de-game17,tr-game17,pt-game17,ar-game17,ru-game17,fr-game17,it-game17,pl-game17,cs-game17,fi-game17,af-game17,sq-game17,am-game17,fr-CA-game17,hy-game17,az-game17,bn-game17,bs-game17,bg-game17,ca-game17,zh-game17,zh-TW-game17,hr-game17,gu-game17,da-game17,fa-AF-game17,nl-game17,et-game17,fa-game17
en-game18,de-game18,tr-game18,pt-game18,ar-game18,ru-game18,fr-game18,it-game18,pl-game18,cs-game18,fi-game18,af-game18,sq-game18,am-game18,fr-CA-game18,hy-game18,az-game18,bn-game18,bs-game18,bg-game18,ca-game18,zh-game18,zh-TW-game18,hr-game18,gu-game18,da-game18,fa-AF-game18,nl-game18,et-game18,fa-game18
en-game19,de-game19,tr-game19,pt-game19,ar-game19,ru-game19,fr-game19,it-game19,pl-game19,cs-game19,fi-game19,af-game19,sq-game19,am-game19,fr-CA-game19,hy-game19,az-game19,bn-game19,bs-game19,bg-game19,ca-game19,zh-game19,zh-TW-game19,hr-game19,gu-game19,da-game19,fa-AF-game19,nl-game19,et-game19,fa-game19
en-game20,de-game20,tr-game20,pt-game20,ar-game20,ru-game20,fr-game20,it-game20,pl-game20,cs-game20,fi-game20,af-game20,sq-game20,am-game20,fr-CA-game20,hy-game20,az-game20,bn-game20,bs-game20,bg-game20,ca-game20,zh-game20,zh-TW-game20,hr-game20,gu-game20,da-game20,fa-AF-game20,nl-game20,et-game20,fa-game20
en-game21,de-game21,tr-game21,pt-game21,ar-game21,ru-game21,fr-game21,it-game21,pl-game21,cs-game21,fi-game21,af-game21,sq-game21,am-game21,fr-CA-game21,hy-game21,az-game21,bn-game21,bs-game21,bg-game21,ca-game21,zh-game21,zh-TW-game21,hr-game21,gu-game21,da-game21,fa-AF-game21,nl-game21,et-game21,fa-game21
en-game22,de-game22,tr-game22,pt-game22,ar-game22,ru-game22,fr-game22,it-game22,pl-game22,cs-game22,fi-game22,af-game22,sq-game22,am-game22,fr-CA-game22,hy-game22,az-game22,bn-game22,bs-game22,bg-game22,ca-game22,zh-game22,zh-TW-game22,hr-game22,gu-game22,da-game22,fa-AF-game22,nl-game22,et-game22,fa-game22
en-game23,de-game23,tr-game23,pt-game23,ar-game23,ru-game23,fr-game23,it-game23,pl-game23,cs-game23,fi-game23,af-game23,sq-game23,am-game23,fr-CA-game23,hy-game23,az-game23,bn-game23,bs-game23,bg-game23,ca-game23,zh-game23,zh-TW-game23,hr-game23,gu-game23,da-game23,fa-AF-game23,nl-game23,et-game23,fa-game23
en-game24,de-game24,tr-game24,pt-game24,ar-game24,ru-game24,fr-game24,it-game24,pl-game24,cs-game24,fi-game24,af-game24,sq-game24,am-game24,fr-CA-game24,hy-game24,az-game24,bn-game24,bs-game24,bg-game24,ca-game24,zh-game24,zh-TW-game24,hr-game24,gu-game24,da-game24,fa-AF-game24,nl-game24,et-game24,fa-game24
en-game25,de-game25,tr-game25,pt-game25,ar-game25,ru-game25,fr-game25,it-game25,pl-game25,cs-game25,fi-game25,af-game25,sq-game25,am-game25,fr-CA-game25,hy-game25,az-game25,bn-game25,bs-game25,bg-game25,ca-game25,zh-game25,zh-TW-game25,hr-game25,gu-game25,da-game25,fa-AF-game25,nl-game25,et-game25,fa-game25
en-game26,de-game26,tr-game26,pt-game26,ar-game26,ru-game26,fr-game26,it-game26,pl-game26,cs-game26,fi-game26,af-game26,sq-game26,am-game26,fr-CA-game26,hy-game26,az-game26,bn-game26,bs-game26,bg-game26,ca-game26,zh-game26,zh-TW-game26,hr-game26,gu-game26,da-game26,fa-AF-game26,nl-game26,et-game26,fa-game26
en-game27,de-game27,tr-game27,pt-game27,ar-game27,ru-game27,fr-game27,it-game27,pl-game27,cs-game27,fi-game27,af-game27,sq-game27,am-game27,fr-CA-game27,hy-game27,az-game27,bn-game27,bs-game27,bg-game27,ca-game27,zh-game27,zh-TW-game27,hr-game27,gu-game27,da-game27,fa-AF-game27,nl-game27,et-game27,fa-game27
en-game28,de-game28,tr-game28,pt-game28,ar-game28,ru-game28,fr-game28,it-game28,pl-game28,cs-game28,fi-game28,af-game28,sq-game28,am-game28,fr-CA-game28,hy-game28,az-game28,bn-game28,bs-game28,bg-game28,ca-game28,zh-game28,zh-TW-game28,hr-game28,gu-game28,da-game28,fa-AF-game28,nl-game28,et-game28,fa-game28
en-game29,de-game29,tr-game29,pt-game29,ar-game29,ru-game29,fr-game29,it-game29,pl-game29,cs-game29,fi-game29,af-game29,sq-game29,am-game29,fr-CA-game29,hy-game29,az-game29,bn-game29,bs-game29,bg-game29,ca-game29,zh-game29,zh-TW-game29,hr-game29,gu-game29,da-game29,fa-AF-game29,nl-game29,et-game29,fa-game29
en-game30,de-game30,tr-game30,pt-game30,ar-game30,ru-game30,fr-game30,it-game30,pl-game30,cs-game30,fi-game30,af-game30,sq-game30,am-game30,fr-CA-game30,hy-game30,az-game30,bn-game30,bs-game30,bg-game30,ca-game30,zh-game30,zh-TW-game30,hr-game30,gu-game30,da-game30,fa-AF-game30,nl-game30,et-game30,fa-game30
en-game31,de-game31,tr-game31,pt-game31,ar-game31,ru-game31,fr-game31,it-game31,pl-game31,cs-game31,fi-game31,af-game31,sq-game31,am-game31,fr-CA-game31,hy-game31,az-game31,bn-game31,bs-game31,bg-game31,ca-game31,zh-game31,zh-TW-game31,hr-game31,gu-game31,da-game31,fa-AF-game31,nl-game31,et-game31,fa-game31
en-game32,de-game32,tr-game32,pt-game32,ar-game32,ru-game32,fr-game32,it-game32,pl-game32,cs-game32,fi-game32,af-game32,sq-game32,am-game32,fr-CA-game32,hy-game32,az-game32,bn-game32,bs-game32,bg-game32,ca-game32,zh-game32,zh-TW-game32,hr-game32,gu-game32,da-game32,fa-AF-game32,nl-game32,et-game32,fa-game32
en-game33,de-game33,tr-game33,pt-game33,ar-game33,ru-game33,fr-game33,it-game33,pl-game33,cs-game33,fi-game33,af-game33,sq-game33,am-game33,fr-CA-game33,hy-game33,az-game33,bn-game33,bs-game33,bg-game33,ca-game33,zh-game33,zh-TW-game33,hr-game33,gu-game33,da-game33,fa-AF-game33,nl-game33,et-game33,fa-game33
en-game34,de-game34,tr-game34,pt-game34,ar-game34,ru-game34,fr-game34,it-game34,pl-game34,cs-game34,fi-game34,af-game34,sq-game34,am-game34,fr-CA-game34,hy-game34,az-game34,bn-game34,bs-game34,bg-game34,ca-game34,zh-game34,zh-TW-game34,hr-game34,gu-game34,da-game34,fa-AF-game34,nl-game34,et-game34,fa-game34
en-game35,de-game35,tr-game35,pt-game35,ar-game35,ru-game35,fr-game35,it-game35,pl-game35,cs-game35,fi-game35,af-game35,sq-game35,am-game35,fr-CA-game35,hy-game35,az-game35,bn-game35,bs-game35,bg-game35,ca-game35,zh-game35,zh-TW-game35,hr-game35,gu-game35,da-game35,fa-AF-game35,nl-game35,et-game35,fa-game35
en-game36,de-game36,tr-game36,pt-game36,ar-game36,ru-game36,fr-game36,it-game36,pl-game36,cs-game36,fi-game36,af-game36,sq-game36,am-game36,fr-CA-game36,hy-game36,az-game36,bn-game36,bs-game36,bg-game36,ca-game36,zh-game36,zh-TW-game36,hr-game36,gu-game36,da-game36,fa-AF-game36,nl-game36,et-game36,fa-game36
en-game37,de-game37,tr-game37,pt-game37,ar-game37,ru-game37,fr-game37,it-game37,pl-game37,cs-game37,fi-game37,af-game37,sq-game37,am-game37,fr-CA-game37,hy-game37,az-game37,bn-game37,bs-game37,bg-game37,ca-game37,zh-game37,zh-TW-game37,hr-game37,gu-game37,da-game37,fa-AF-game37,nl-game37,et-game37,fa-game37
en-game38,de-game38,tr-game38,pt-game38,ar-game38,ru-game38,fr-game38,it-game38,pl-game38,cs-game38,fi-game38,af-game38,sq-game38,am-game38,fr-CA-game38,hy-game38,az-game38,bn-game38,bs-game38,bg-game38,ca-game38,zh-game38,zh-TW-game38,hr-game38,gu-game38,da-game38,fa-AF-game38,nl-game38,et-game38,fa-game38
en-game39,de-game39,tr-game39,pt-game39,ar-game39,ru-game39,fr-game39,it-game39,pl-game39,cs-game39,fi-game39,af-game39,sq-game39,am-game39,fr-CA-game39,hy-game39,az-game39,bn-game39,bs-game39,bg-game39,ca-game39,zh-game39,zh-TW-game39,hr-game39,gu-game39,da-game39,fa-AF-game39,nl-game39,et-game39,fa-game39
en-game40,de-game40,tr-game40,pt-game40,ar-game40,ru-game40,fr-game40,it-game40,pl-game40,cs-game40,fi-game40,af-game40,sq-game40,am-game40,fr-CA-game40,hy-game40,az-game40,bn-game40,bs-game40,bg-game40,ca-game40,zh-game40,zh-TW-game40,hr-game40,gu-game40,da-game40,fa-AF-game40,nl-game40,et-game40,fa-game40
en-game41,de-game41,tr-game41,pt-game41,ar-game41,ru-game41,fr-game41,it-game41,pl-game41,cs-game41,fi-game41,af-game41,sq-game41,am-game41,fr-CA-game41,hy-game41,az-game41,bn-game41,bs-game41,bg-game41,ca-game41,zh-game41,zh-TW-game41,hr-game41,gu-game41,da-game41,fa-AF-game41,nl-game41,et-game41,fa-game41
en-game42,de-game42,tr-game42,pt-game42,ar-game42,ru-game42,fr-game42,it-game42,pl-game42,cs-game42,fi-game42,af-game42,sq-game42,am-game42,fr-CA-game42,hy-game42,az-game42,bn-game42,bs-game42,bg-game42,ca-game42,zh-game42,zh-TW-game42,hr-game42,gu-game42,da-game42,fa-AF-game42,nl-game42,et-game42,fa-game42
en-game43,de-game43,tr-game43,pt-game43,ar-game43,ru-game43,fr-game43,it-game43,pl-game43,cs-game43,fi-game43,af-game43,sq-game43,am-game43,fr-CA-game43,hy-game43,az-game43,bn-game43,bs-game43,bg-game43,ca-game43,zh-game43,zh-TW-game43,hr-game43,gu-game43,da-game43,fa-AF-game43,nl-game43,et-game43,fa-game43
en-game44,de-game44,tr-game44,pt-game44,ar-game44,ru-game44,fr-game44,it-game44,pl-game44,cs-game44,fi-game44,af-game44,sq-game44,am-game44,fr-CA-game44,hy-game44,az-game44,bn-game44,bs-game44,bg-game44,ca-game44,zh-game44,zh-TW-game44,hr-game44,gu-game44,da-game44,fa-AF-game44,nl-game44,et-game44,fa-game44
en-game45,de-game45,tr-game45,pt-game45,ar-game45,ru-game45,fr-game45,it-game45,pl-game45,cs-game45,fi-game45,af-game45,sq-game45,am-game45,fr-CA-game45,hy-game45,az-game45,bn-game45,bs-game45,bg-game45,ca-game45,zh-game45,zh-TW-game45,hr-game45,gu-game45,da-game45,fa-AF-game45,nl-game45,et-game45,fa-game45
en-game46,de-game46,tr-game46,pt-game46,ar-game46,ru-game46,fr-game46,it-game46,pl-game46,cs-game46,fi-game46,af-game46,sq-game46,am-game46,fr-CA-game46,hy-game46,az-game46,bn-game46,bs-game46,bg-game46,ca-game46,zh-game46,zh-TW-game46,hr-game46,gu-game46,da-game46,fa-AF-game46,nl-game46,et-game46,fa-game46
en-game47,de-game47,tr-game47,pt-game47,ar-game47,ru-game47,fr-game47,it-game47,pl-game47,cs-game47,fi-game47,af-game47,sq-game47,am-game47,fr-CA-game47,hy-game47,az-game47,bn-game47,bs-game47,bg-game47,ca-game47,zh-game47,zh-TW-game47,hr-game47,gu-game47,da-game47,fa-AF-game47,nl-game47,et-game47,fa-game47
en-game48,de-game48,tr-game48,pt-game48,ar-game48,ru-game48,fr-game48,it-game48,pl-game48,cs-game48,fi-game48,af-game48,sq-game48,am-game48,fr-CA-game48,hy-game48,az-game48,bn-game48,bs-game48,bg-game48,ca-game48,zh-game48,zh-TW-game48,hr-game48,gu-game48,da-game48,fa-AF-game48,nl-game48,et-game48,fa-game48
en-game49,de-game49,tr-game49,pt-game49,ar-game49,ru-game49,fr-game49,it-game49,pl-game49,cs-game49,fi-game49,af-game49,sq-game49,am-game49,fr-CA-game49,hy-game49,az-game49,bn-game49,bs-game49,bg-game49,ca-game49,zh-game49,zh-TW-game49,hr-game49,gu-game49,da-game49,fa-AF-game49,nl-game49,et-game49,fa-game49
en-game50,de-game50,tr-game50,pt-game50,ar-game50,ru-game50,fr-game50,it-game50,pl-game50,cs-game50,fi-game50,af-game50,sq-game50,am-game50,fr-CA-game50,hy-game50,az-game50,bn-game50,bs-game50,bg-game50,ca-game50,zh-game50,zh-TW-game50,hr-game50,gu-game50,da-game50,fa-AF-game50,nl-game50,et-game50,fa-game50
en-game51,de-game51,tr-game51,pt-game51,ar-game51,ru-game51,fr-game51,it-game51,pl-game51,cs-game51,fi-game51,af-game51,sq-game51,am-game51,fr-CA-game51,hy-game51,az-game51,bn-game51,bs-game51,bg-game51,ca-game51,zh-game51,zh-TW-game51,hr-game51,gu-game51,da-game51,fa-AF-game51,nl-game51,et-game51,fa-game51
en-game52,de-game52,tr-game52,pt-game52,ar-game52,ru-game52,fr-game52,it-game52,pl-game52,cs-game52,fi-game52,af-game52,sq-game52,am-game52,fr-CA-game52,hy-game52,az-game52,bn-game52,bs-game52,bg-game52,ca-game52,zh-game52,zh-TW-game52,hr-game52,gu-game52,da-game52,fa-AF-game52,nl-game52,et-game52,fa-game52
en-game53,de-game53,tr-game53,pt-game53,ar-game53,ru-game53,fr-game53,it-game53,pl-game53,cs-game53,fi-game53,af-game53,sq-game53,am-game53,fr-CA-game53,hy-game53,az-game53,bn-game53,bs-game53,bg-game53,ca-game53,zh-game53,zh-TW-game53,hr-game53,gu-game53,da-game53,fa-AF-game53,nl-game53,et-game53,fa-game53
en-game54,de-game54,tr-game54,pt-game54,ar-game54,ru-game54,fr-game54,it-game54,pl-game54,cs-game54,fi-game54,af-game54,sq-game54,am-game54,fr-CA-game54,hy-game54,az-game54,bn-game54,bs-game54,bg-game54,ca-game54,zh-game54,zh-TW-game54,hr-game54,gu-game54,da-game54,fa-AF-game54,nl-game54,et-game54,fa-game54
en-game55,de-game55,tr-game55,pt-game55,ar-game55,ru-game55,fr-game55,it-game55,pl-game55,cs-game55,fi-game55,af-game55,sq-game55,am-game55,fr-CA-game55,hy-game55,az-game55,bn-game55,bs-game55,bg-game55,ca-game55,zh-game55,zh-TW-game55,hr-game55,gu-game55,da-game55,fa-AF-game55,nl-game55,et-game55,fa-game55
en-game56,de-game56,tr-game56,pt-game56,ar-game56,ru-game56,fr-game56,it-game56,pl-game56,cs-game56,fi-game56,af-game56,sq-game56,am-game56,fr-CA-game56,hy-game56,az-game56,bn-game56,bs-game56,bg-game56,ca-game56,zh-game56,zh-TW-game56,hr-game56,gu-game56,da-game56,fa-AF-game56,nl-game56,et-game56,fa-game56
en-game57,de-game57,tr-game57,pt-game57,ar-game57,ru-game57,fr-game57,it-game57,pl-game57,cs-game57,fi-game57,af-game57,sq-game57,am-game57,fr-CA-game57,hy-game57,az-game57,bn-game57,bs-game57,bg-game57,ca-game57,zh-game57,zh-TW-game57,hr-game57,gu-game57,da-game57,fa-AF-game57,nl-game57,et-game57,fa-game57
en-game58,de-game58,tr-game58,pt-game58,ar-game58,ru-game58,fr-game58,it-game58,pl-game58,cs-game58,fi-game58,af-game58,sq-game58,am-game58,fr-CA-game58,hy-game58,az-game58,bn-game58,bs-game58,bg-game58,ca-game58,zh-game58,zh-TW-game58,hr-game58,gu-game58,da-game58,fa-AF-game58,nl-game58,et-game58,fa-game58
en-game59,de-game59,tr-game59,pt-game59,ar-game59,ru-game59,fr-game59,it-game59,pl-game59,cs-game59,fi-game59,af-game59,sq-game59,am-game59,fr-CA-game59,hy-game59,az-game59,bn-game59,bs-game59,bg-game59,ca-game59,zh-game59,zh-TW-game59,hr-game59,gu-game59,da-game59,fa-AF-game59,nl-game59,et-game59,fa-game59
en-game60,de-game60,tr-game60,pt-game60,ar-game60,ru-game60,fr-game60,it-game60,pl-game60,cs-game60,fi-game60,af-game60,sq-game60,am-game60,fr-CA-game60,hy-game60,az-game60,bn-game60,bs-game60,bg-game60,ca-game60,zh-game60,zh-TW-game60,hr-game60,gu-game60,da-game60,fa-AF-game60,nl-game60,et-game60,fa-game60
en-game61,de-game61,tr-game61,pt-game61,ar-game61,ru-game61,fr-game61,it-game61,pl-game61,cs-game61,fi-game61,af-game61,sq-game61,am-game61,fr-CA-game61,hy-game61,az-game61,bn-game61,bs-game61,bg-game61,ca-game61,zh-game61,zh-TW-game61,hr-game61,gu-game61,da-game61,fa-AF-game61,nl-game61,et-game61,fa-game61
en-game62,de-game62,tr-game62,pt-game62,ar-game62,ru-game62,fr-game62,it-game62,pl-game62,cs-game62,fi-game62,af-game62,sq-game62,am-game62,fr-CA-game62,hy-game62,az-game62,bn-game62,bs-game62,bg-game62,ca-game62,zh-game62,zh-TW-game62,hr-game62,gu-game62,da-game62,fa-AF-game62,nl-game62,et-game62,fa-game62
en-game63,de-game63,tr-game63,pt-game63,ar-game63,ru-game63,fr-game63,it-game63,pl-game63,cs-game63,fi-game63,af-game63,sq-game63,am-game63,fr-CA-game63,hy-game63,az-game63,bn-game63,bs-game63,bg-game63,ca-game63,zh-game63,zh-TW-game63,hr-game63,gu-game63,da-game63,fa-AF-game63,nl-game63,et-game63,fa-game63
en-game64,de-game64,tr-game64,pt-game64,ar-game64,ru-game64,fr-game64,it-game64,pl-game64,cs-game64,fi-game64,af-game64,sq-game64,am-game64,fr-CA-game64,hy-game64,az-game64,bn-game64,bs-game64,bg-game64,ca-game64,zh-game64,zh-TW-game64,hr-game64,gu-game64,da-game64,fa-AF-game64,nl-game64,et-game64,fa-game64
en-game65,de-game65,tr-game65,pt-game65,ar-game65,ru-game65,fr-game65,it-game65,pl-game65,cs-game65,fi-game65,af-game65,sq-game65,am-game65,fr-CA-game65,hy-game65,az-game65,bn-game65,bs-game65,bg-game65,ca-game65,zh-game65,zh-TW-game65,hr-game65,gu-game65,da-game65,fa-AF-game65,nl-game65,et-game65,fa-game65
en-game66,de-game66,tr-game66,pt-game66,ar-game66,ru-game66,fr-game66,it-game66,pl-game66,cs-game66,fi-game66,af-game66,sq-game66,am-game66,fr-CA-game66,hy-game66,az-game66,bn-game66,bs-game66,bg-game66,ca-game66,zh-game66,zh-TW-game66,hr-game66,gu-game66,da-game66,fa-AF-game66,nl-game66,et-game66,fa-game66
en-game67,de-game67,tr-game67,pt-game67,ar-game67,ru-game67,fr-game67,it-game67,pl-game67,cs-game67,fi-game67,af-game67,sq-game67,am-game67,fr-CA-game67,hy-game67,az-game67,bn-game67,bs-game67,bg-game67,ca-game67,zh-game67,zh-TW-game67,hr-game67,gu-game67,da-game67,fa-AF-game67,nl-game67,et-game67,fa-game67
en-game68,de-game68,tr-game68,pt-game68,ar-game68,ru-game68,fr-game68,it-game68,pl-game68,cs-game68,fi-game68,af-game68,sq-game68,am-game68,fr-CA-game68,hy-game68,az-game68,bn-game68,bs-game68,bg-game68,ca-game68,zh-game68,zh-TW-game68,hr-game68,gu-game68,da-game68,fa-AF-game68,nl-game68,et-game68,fa-game68
en-game69,de-game69,tr-game69,pt-game69,ar-game69,ru-game69,fr-game69,it-game69,pl-game69,cs-game69,fi-game69,af-game69,sq-game69,am-game69,fr-CA-game69,hy-game69,az-game69,bn-game69,bs-game69,bg-game69,ca-game69,zh-game69,zh-TW-game69,hr-game69,gu-game69,da-game69,fa-AF-game69,nl-game69,et-game69,fa-game69
en-game70,de-game70,tr-game70,pt-game70,ar-game70,ru-game70,fr-game70,it-game70,pl-game70,cs-game70,fi-game70,af-game70,sq-game70,am-game70,fr-CA-game70,hy-game70,az-game70,bn-game70,bs-game70,bg-game70,ca-game70,zh-game70,zh-TW-game70,hr-game70,gu-game70,da-game70,fa-AF-game70,nl-game70,et-game70,fa-game70
en-game71,de-game71,tr-game71,pt-game71,ar-game71,ru-game71,fr-game71,it-game71,pl-game71,cs-game71,fi-game71,af-game71,sq-game71,am-game71,fr-CA-game71,hy-game71,az-game71,bn-game71,bs-game71,bg-game71,ca-game71,zh-game71,zh-TW-game71,hr-game71,gu-game71,da-game71,fa-AF-game71,nl-game71,et-game71,fa-game71
en-game72,de-game72,tr-game72,pt-game72,ar-game72,ru-game72,fr-game72,it-game72,pl-game72,cs-game72,fi-game72,af-game72,sq-game72,am-game72,fr-CA-game72,hy-game72,az-game72,bn-game72,bs-game72,bg-game72,ca-game72,zh-game72,zh-TW-game72,hr-game72,gu-game72,da-game72,fa-AF-game72,nl-game72,et-game72,fa-game72
en-game73,de-game73,tr-game73,pt-game73,ar-game73,ru-game73,fr-game73,it-game73,pl-game73,cs-game73,fi-game73,af-game73,sq-game73,am-game73,fr-CA-game73,hy-game73,az-game73,bn-game73,bs-game73,bg-game73,ca-game73,zh-game73,zh-TW-game73,hr-game73,gu-game73,da-game73,fa-AF-game73,nl-game73,et-game73,fa-game73
en-game74,de-game74,tr-game74,pt-game74,ar-game74,ru-game74,fr-game74,it-game74,pl-game74,cs-game74,fi-game74,af-game74,sq-game74,am-game74,fr-CA-game74,hy-game74,az-game74,bn-game74,bs-game74,bg-game74,ca-game74,zh-game74,zh-TW-game74,hr-game74,gu-game74,da-game74,fa-AF-game74,nl-game74,et-game74,fa-game74
en-game75,de-game75,tr-game75,pt-game75,ar-game75,ru-game75,fr-game75,it-game75,pl-game75,cs-game75,fi-game75,af-game75,sq-game75,am-game75,fr-CA-game75,hy-game75,az-game75,bn-game75,bs-game75,bg-game75,ca-game75,zh-game75,zh-TW-game75,hr-game75,gu-game75,da-game75,fa-AF-game75,nl-game75,et-game75,fa-game75
en-game76,de-game76,tr-game76,pt-game76,ar-game76,ru-game76,fr-game76,it-game76,pl-game76,cs-game76,fi-game76,af-game76,sq-game76,am-game76,fr-CA-game76,hy-game76,az-game76,bn-game76,bs-game76,bg-game76,ca-game76,zh-game76,zh-TW-game76,hr-game76,gu-game76,da-game76,fa-AF-game76,nl-game76,et-game76,fa-game76
en-game77,de-game77,tr-game77,pt-game77,ar-game77,ru-game77,fr-game77,it-game77,pl-game77,cs-game77,fi-game77,af-game77,sq-game77,am-game77,fr-CA-game77,hy-game77,az-game77,bn-game77,bs-game77,bg-game77,ca-game77,zh-game77,zh-TW-game77,hr-game77,gu-game77,da-game77,fa-AF-game77,nl-game77,et-game77,fa-game77
en-game78,de-game78,tr-game78,pt-game78,ar-game78,ru-game78,fr-game78,it-game78,pl-game78,cs-game78,fi-game78,af-game78,sq-game78,am-game78,fr-CA-game78,hy-game78,az-game78,bn-game78,bs-game78,bg-game78,ca-game78,zh-game78,zh-TW-game78,hr-game78,gu-game78,da-game78,fa-AF-game78,nl-game78,et-game78,fa-game78
en-game79,de-game79,tr-game79,pt-game79,ar-game79,ru-game79,fr-game79,it-game79,pl-game79,cs-game79,fi-game79,af-game79,sq-game79,am-game79,fr-CA-game79,hy-game79,az-game79,bn-game79,bs-game79,bg-game79,ca-game79,zh-game79,zh-TW-game79,hr-game79,gu-game79,da-game79,fa-AF-game79,nl-game79,et-game79,fa-game79
en-game80,de-game80,tr-game80,pt-game80,ar-game80,ru-game80,fr-game80,it-game80,pl-game80,cs-game80,fi-game80,af-game80,sq-game80,am-game80,fr-CA-game80,hy-game80,az-game80,bn-game80,bs-game80,bg-game80,ca-game80,zh-game80,zh-TW-game80,hr-game80,gu-game80,da-game80,fa-AF-game80,nl-game80,et-game80,fa-game80
en-game81,de-game81,tr-game81,pt-game81,ar-game81,ru-game81,fr-game81,it-game81,pl-game81,cs-game81,fi-game81,af-game81,sq-game81,am-game81,fr-CA-game81,hy-game81,az-game81,bn-game81,bs-game81,bg-game81,ca-game81,zh-game81,zh-TW-game81,hr-game81,gu-game81,da-game81,fa-AF-game81,nl-game81,et-game81,fa-game81
en-game82,de-game82,tr-game82,pt-game82,ar-game82,ru-game82,fr-game82,it-game82,pl-game82,cs-game82,fi-game82,af-game82,sq-game82,am-game82,fr-CA-game82,hy-game82,az-game82,bn-game82,bs-game82,bg-game82,ca-game82,zh-game82,zh-TW-game82,hr-game82,gu-game82,da-game82,fa-AF-game82,nl-game82,et-game82,fa-game82
en-game83,de-game83,tr-game83,pt-game83,ar-game83,ru-game83,fr-game83,it-game83,pl-game83,cs-game83,fi-game83,af-game83,sq-game83,am-game83,fr-CA-game83,hy-game83,az-game83,bn-game83,bs-game83,bg-game83,ca-game83,zh-game83,zh-TW-game83,hr-game83,gu-game83,da-game83,fa-AF-game83,nl-game83,et-game83,fa-game83
en-game84,de-game84,tr-game84,pt-game84,ar-game84,ru-game84,fr-game84,it-game84,pl-game84,cs-game84,fi-game84,af-game84,sq-game84,am-game84,fr-CA-game84,hy-game84,az-game84,bn-game84,bs-game84,bg-game84,ca-game84,zh-game84,zh-TW-game84,hr-game84,gu-game84,da-game84,fa-AF-game84,nl-game84,et-game84,fa-game84
en-game85,de-game85,tr-game85,pt-game85,ar-game85,ru-game85,fr-game85,it-game85,pl-game85,cs-game85,fi-game85,af-game85,sq-game85,am-game85,fr-CA-game85,hy-game85,az-game85,bn-game85,bs-game85,bg-game85,ca-game85,zh-game85,zh-TW-game85,hr-game85,gu-game85,da-game85,fa-AF-game85,nl-game85,et-game85,fa-game85
en-game86,de-game86,tr-game86,pt-game86,ar-game86,ru-game86,fr-game86,it-game86,pl-game86,cs-game86,fi-game86,af-game86,sq-game86,am-game86,fr-CA-game86,hy-game86,az-game86,bn-game86,bs-game86,bg-game86,ca-game86,zh-game86,zh-TW-game86,hr-game86,gu-game86,da-game86,fa-AF-game86,nl-game86,et-game86,fa-game86
en-game87,de-game87,tr-game87,pt-game87,ar-game87,ru-game87,fr-game87,it-game87,pl-game87,cs-game87,fi-game87,af-game87,sq-game87,am-game87,fr-CA-game87,hy-game87,az-game87,bn-game87,bs-game87,bg-game87,ca-game87,zh-game87,zh-TW-game87,hr-game87,gu-game87,da-game87,fa-AF-game87,nl-game87,et-game87,fa-game87
en-game88,de-game88,tr-game88,pt-game88,ar-game88,ru-game88,fr-game88,it-game88,pl-game88,cs-game88,fi-game88,af-game88,sq-game88,am-game88,fr-CA-game88,hy-game88,az-game88,bn-game88,bs-game88,bg-game88,ca-game88,zh-game88,zh-TW-game88,hr-game88,gu-game88,da-game88,fa-AF-game88,nl-game88,et-game88,fa-game88
en-game89,de-game89,tr-game89,pt-game89,ar-game89,ru-game89,fr-game89,it-game89,pl-game89,cs-game89,fi-game89,af-game89,sq-game89,am-game89,fr-CA-game89,hy-game89,az-game89,bn-game89,bs-game89,bg-game89,ca-game89,zh-game89,zh-TW-game89,hr-game89,gu-game89,da-game89,fa-AF-game89,nl-game89,et-game89,fa-game89
en-game90,de-game90,tr-game90,pt-game90,ar-game90,ru-game90,fr-game90,it-game90,pl-game90,cs-game90,fi-game90,af-game90,sq-game90,am-game90,fr-CA-game90,hy-game90,az-game90,bn-game90,bs-game90,bg-game90,ca-game90,zh-game90,zh-TW-game90,hr-game90,gu-game90,da-game90,fa-AF-game90,nl-game90,et-game90,fa-game90
en-game91,de-game91,tr-game91,pt-game91,ar-game91,ru-game91,fr-game91,it-game91,pl-game91,cs-game91,fi-game91,af-game91,sq-game91,am-game91,fr-CA-game91,hy-game91,az-game91,bn-game91,bs-game91,bg-game91,ca-game91,zh-game91,zh-TW-game91,hr-game91,gu-game91,da-game91,fa-AF-game91,nl-game91,et-game91,fa-game91
en-game92,de-game92,tr-game92,pt-game92,ar-game92,ru-game92,fr-game92,it-game92,pl-game92,cs-game92,fi-game92,af-game92,sq-game92,am-game92,fr-CA-game92,hy-game92,az-game92,bn-game92,bs-game92,bg-game92,ca-game92,zh-game92,zh-TW-game92,hr-game92,gu-game92,da-game92,fa-AF-game92,nl-game92,et-game92,fa-game92
en-game93,de-game93,tr-game93,pt-game93,ar-game93,ru-game93,fr-game93,it-game93,pl-game93,cs-game93,fi-game93,af-game93,sq-game93,am-game93,fr-CA-game93,hy-game93,az-game93,bn-game93,bs-game93,bg-game93,ca-game93,zh-game93,zh-TW-game93,hr-game93,gu-game93,da-game93,fa-AF-game93,nl-game93,et-game93,fa-game93
en-game94,de-game94,tr-game94,pt-game94,ar-game94,ru-game94,fr-game94,it-game94,pl-game94,cs-game94,fi-game94,af-game94,sq-game94,am-game94,fr-CA-game94,hy-game94,az-game94,bn-game94,bs-game94,bg-game94,ca-game94,zh-game94,zh-TW-game94,hr-game94,gu-game94,da-game94,fa-AF-game94,nl-game94,et-game94,fa-game94
en-game95,de-game95,tr-game95,pt-game95,ar-game95,ru-game95,fr-game95,it-game95,pl-game95,cs-game95,fi-game95,af-game95,sq-game95,am-game95,fr-CA-game95,hy-game95,az-game95,bn-game95,bs-game95,bg-game95,ca-game95,zh-game95,zh-TW-game95,hr-game95,gu-game95,da-game95,fa-AF-game95,nl-game95,et-game95,fa-game95
en-game96,de-game96,tr-game96,pt-game96,ar-game96,ru-game96,fr-game96,it-game96,pl-game96,cs-game96,fi-game96,af-game96,sq-game96,am-game96,fr-CA-game96,hy-game96,az-game96,bn-game96,bs-game96,bg-game96,ca-game96,zh-game96,zh-TW-game96,hr-game96,gu-game96,da-game96,fa-AF-game96,nl-game96,et-game96,fa-game96
en-game97,de-game97,tr-game97,pt-game97,ar-game97,ru-game97,fr-game97,it-game97,pl-game97,cs-game97,fi-game97,af-game97,sq-game97,am-game97,fr-CA-game97,hy-game97,az-game97,bn-game97,bs-game97,bg-game97,ca-game97,zh-game97,zh-TW-game97,hr-game97,gu-game97,da-game97,fa-AF-game97,nl-game97,et-game97,fa-game97
en-game98,de-game98,tr-game98,pt-game98,ar-game98,ru-game98,fr-game98,it-game98,pl-game98,cs-game98,fi-game98,af-game98,sq-game98,am-game98,fr-CA-game98,hy-game98,az-game98,bn-game98,bs-game98,bg-game98,ca-game98,zh-game98,zh-TW-game98,hr-game98,gu-game98,da-game98,fa-AF-game98,nl-game98,et-game98,fa-game98
en-game99,de-game99,tr-game99,pt-game99,ar-game99,ru-game99,fr-game99,it-game99,pl-game99,cs-game99,fi-game99,af-game99,sq-game99,am-game99,fr-CA-game99,hy-game99,az-game99,bn-game99,bs-game99,bg-game99,ca-game99,zh-game99,zh-TW-game99,hr-game99,gu-game99,da-game99,fa-AF-game99,nl-game99,et-game99,fa-game99
en-game100,de-game100,tr-game100,pt-game100,ar-game100,ru-game100,fr-game100,it-game100,pl-game100,cs-game100,fi-game100,af-game100,sq-game100,am-game100,fr-CA-game100,hy-game100,az-game100,bn-game100,bs-game100,bg-game100,ca-game100,zh-game100,zh-TW-game100,hr-game100,gu-game100,da-game100,fa-AF-game100,nl-game100,et-game100,fa-game100
en-game101,de-game101,tr-game101,pt-game101,ar-game101,ru-game101,fr-game101,it-game101,pl-game101,cs-game101,fi-game101,af-game101,sq-game101,am-game101,fr-CA-game101,hy-game101,az-game101,bn-game101,bs-game101,bg-game101,ca-game101,zh-game101,zh-TW-game101,hr-game101,gu-game101,da-game101,fa-AF-game101,nl-game101,et-game101,fa-game101
en-game102,de-game102,tr-game102,pt-game102,ar-game102,ru-game102,fr-game102,it-game102,pl-game102,cs-game102,fi-game102,af-game102,sq-game102,am-game102,fr-CA-game102,hy-game102,az-game102,bn-game102,bs-game102,bg-game102,ca-game102,zh-game102,zh-TW-game102,hr-game102,gu-game102,da-game102,fa-AF-game102,nl-game102,et-game102,fa-game102
en-game103,de-game103,tr-game103,pt-game103,ar-game103,ru-game103,fr-game103,it-game103,pl-game103,cs-game103,fi-game103,af-game103,sq-game103,am-game103,fr-CA-game103,hy-game103,az-game103,bn-game103,bs-game103,bg-game103,ca-game103,zh-game103,zh-TW-game103,hr-game103,gu-game103,da-game103,fa-AF-game103,nl-game103,et-game103,fa-game103
en-game104,de-game104,tr-game104,pt-game104,ar-game104,ru-game104,fr-game104,it-game104,pl-game104,cs-game104,fi-game104,af-game104,sq-game104,am-game104,fr-CA-game104,hy-game104,az-game104,bn-game104,bs-game104,bg-game104,ca-game104,zh-game104,zh-TW-game104,hr-game104,gu-game104,da-game104,fa-AF-game104,nl-game104,et-game104,fa-game104
en-game105,de-game105,tr-game105,pt-game105,ar-game105,ru-game105,fr-game105,it-game105,pl-game105,cs-game105,fi-game105,af-game105,sq-game105,am-game105,fr-CA-game105,hy-game105,az-game105,bn-game105,bs-game105,bg-game105,ca-game105,zh-game105,zh-TW-game105,hr-game105,gu-game105,da-game105,fa-AF-game105,nl-game105,et-game105,fa-game105
en-game106,de-game106,tr-game106,pt-game106,ar-game106,ru-game106,fr-game106,it-game106,pl-game106,cs-game106,fi-game106,af-game106,sq-game106,am-game106,fr-CA-game106,hy-game106,az-game106,bn-game106,bs-game106,bg-game106,ca-game106,zh-game106,zh-TW-game106,hr-game106,gu-game106,da-game106,fa-AF-game106,nl-game106,et-game106,fa-game106
en-game107,de-game107,tr-game107,pt-game107,ar-game107,ru-game107,fr-game107,it-game107,pl-game107,cs-game107,fi-game107,af-game107,sq-game107,am-game107,fr-CA-game107,hy-game107,az-game107,bn-game107,bs-game107,bg-game107,ca-game107,zh-game107,zh-TW-game107,hr-game107,gu-game107,da-game107,fa-AF-game107,nl-game107,et-game107,fa-game107
en-game108,de-game108,tr-game108,pt-game108,ar-game108,ru-game108,fr-game108,it-game108,pl-game108,cs-game108,fi-game108,af-game108,sq-game108,am-game108,fr-CA-game108,hy-game108,az-game108,bn-game108,bs-game108,bg-game108,ca-game108,zh-game108,zh-TW-game108,hr-game108,gu-game108,da-game108,fa-AF-game108,nl-game108,et-game108,fa-game108
en-game109,de-game109,tr-game109,pt-game109,ar-game109,ru-game109,fr-game109,it-game109,pl-game109,cs-game109,fi-game109,af-game109,sq-game109,am-game109,fr-CA-game109,hy-game109,az-game109,bn-game109,bs-game109,bg-game109,ca-game109,zh-game109,zh-TW-game109,hr-game109,gu-game109,da-game109,fa-AF-game109,nl-game109,et-game109,fa-game109
en-game110,de-game110,tr-game110,pt-game110,ar-game110,ru-game110,fr-game110,it-game110,pl-game110,cs-game110,fi-game110,af-game110,sq-game110,am-game110,fr-CA-game110,hy-game110,az-game110,bn-game110,bs-game110,bg-game110,ca-game110,zh-game110,zh-TW-game110,hr-game110,gu-game110,da-game110,fa-AF-game110,nl-game110,et-game110,fa-game110
en-game111,de-game111,tr-game111,pt-game111,ar-game111,ru-game111,fr-game111,it-game111,pl-game111,cs-game111,fi-game111,af-game111,sq-game111,am-game111,fr-CA-game111,hy-game111,az-game111,bn-game111,bs-game111,bg-game111,ca-game111,zh-game111,zh-TW-game111,hr-game111,gu-game111,da-game111,fa-AF-game111,nl-game111,et-game111,fa-game111
en-game112,de-game112,tr-game112,pt-game112,ar-game112,ru-game112,fr-game112,it-game112,pl-game112,cs-game112,fi-game112,af-game112,sq-game112,am-game112,fr-CA-game112,hy-game112,az-game112,bn-game112,bs-game112,bg-game112,ca-game112,zh-game112,zh-TW-game112,hr-game112,gu-game112,da-game112,fa-AF-game112,nl-game112,et-game112,fa-game112
en-game113,de-game113,tr-game113,pt-game113,ar-game113,ru-game113,fr-game113,it-game113,pl-game113,cs-game113,fi-game113,af-game113,sq-game113,am-game113,fr-CA-game113,hy-game113,az-game113,bn-game113,bs-game113,bg-game113,ca-game113,zh-game113,zh-TW-game113,hr-game113,gu-game113,da-game113,fa-AF-game113,nl-game113,et-game113,fa-game113
en-game114,de-game114,tr-game114,pt-game114,ar-game114,ru-game114,fr-game114,it-game114,pl-game114,cs-game114,fi-game114,af-game114,sq-game114,am-game114,fr-CA-game114,hy-game114,az-game114,bn-game114,bs-game114,bg-game114,ca-game114,zh-game114,zh-TW-game114,hr-game114,gu-game114,da-game114,fa-AF-game114,nl-game114,et-game114,fa-game114
en-game115,de-game115,tr-game115,pt-game115,ar-game115,ru-game115,fr-game115,it-game115,pl-game115,cs-game115,fi-game115,af-game115,sq-game115,am-game115,fr-CA-game115,hy-game115,az-game115,bn-game115,bs-game115,bg-game115,ca-game115,zh-game115,zh-TW-game115,hr-game115,gu-game115,da-game115,fa-AF-game115,nl-game115,et-game115,fa-game115
en-game116,de-game116,tr-game116,pt-game116,ar-game116,ru-game116,fr-game116,it-game116,pl-game116,cs-game116,fi-game116,af-game116,sq-game116,am-game116,fr-CA-game116,hy-game116,az-game116,bn-game116,bs-game116,bg-game116,ca-game116,zh-game116,zh-TW-game116,hr-game116,gu-game116,da-game116,fa-AF-game116,nl-game116,et-game116,fa-game116
en-game117,de-game117,tr-game117,pt-game117,ar-game117,ru-game117,fr-game117,it-game117,pl-game117,cs-game117,fi-game117,af-game117,sq-game117,am-game117,fr-CA-game117,hy-game117,az-game117,bn-game117,bs-game117,bg-game117,ca-game117,zh-game117,zh-TW-game117,hr-game117,gu-game117,da-game117,fa-AF-game117,nl-game117,et-game117,fa-game117
en-game118,de-game118,tr-game118,pt-game118,ar-game118,ru-game118,fr-game118,it-game118,pl-game118,cs-game118,fi-game118,af-game118,sq-game118,am-game118,fr-CA-game118,hy-game118,az-game118,bn-game118,bs-game118,bg-game118,ca-game118,zh-game118,zh-TW-game118,hr-game118,gu-game118,da-game118,fa-AF-game118,nl-game118,et-game118,fa-game118
en-game119,de-game119,tr-game119,pt-game119,ar-game119,ru-game119,fr-game119,it-game119,pl-game119,cs-game119,fi-game119,af-game119,sq-game119,am-game119,fr-CA-game119,hy-game119,az-game119,bn-game119,bs-game119,bg-game119,ca-game119,zh-game119,zh-TW-game119,hr-game119,gu-game119,da-game119,fa-AF-game119,nl-game119,et-game119,fa-game119
en-game120,de-game120,tr-game120,pt-game120,ar-game120,ru-game120,fr-game120,it-game120,pl-game120,cs-game120,fi-game120,af-game120,sq-game120,am-game120,fr-CA-game120,hy-game120,az-game120,bn-game120,bs-game120,bg-game120,ca-game120,zh-game120,zh-TW-game120,hr-game120,gu-game120,da-game120,fa-AF-game120,nl-game120,et-game120,fa-game120
en-game121,de-game121,tr-game121,pt-game121,ar-game121,ru-game121,fr-game121,it-game121,pl-game121,cs-game121,fi-game121,af-game121,sq-game121,am-game121,fr-CA-game121,hy-game121,az-game121,bn-game121,bs-game121,bg-game121,ca-game121,zh-game121,zh-TW-game121,hr-game121,gu-game121,da-game121,fa-AF-game121,nl-game121,et-game121,fa-game121
en-game122,de-game122,tr-game122,pt-game122,ar-game122,ru-game122,fr-game122,it-game122,pl-game122,cs-game122,fi-game122,af-game122,sq-game122,am-game122,fr-CA-game122,hy-game122,az-game122,bn-game122,bs-game122,bg-game122,ca-game122,zh-game122,zh-TW-game122,hr-game122,gu-game122,da-game122,fa-AF-game122,nl-game122,et-game122,fa-game122
en-game123,de-game123,tr-game123,pt-game123,ar-game123,ru-game123,fr-game123,it-game123,pl-game123,cs-game123,fi-game123,af-game123,sq-game123,am-game123,fr-CA-game123,hy-game123,az-game123,bn-game123,bs-game123,bg-game123,ca-game123,zh-game123,zh-TW-game123,hr-game123,gu-game123,da-game123,fa-AF-game123,nl-game123,et-game123,fa-game123
en-game124,de-game124,tr-game124,pt-game124,ar-game124,ru-game124,fr-game124,it-game124,pl-game124,cs-game124,fi-game124,af-game124,sq-game124,am-game124,fr-CA-game124,hy-game124,az-game124,bn-game124,bs-game124,bg-game124,ca-game124,zh-game124,zh-TW-game124,hr-game124,gu-game124,da-game124,fa-AF-game124,nl-game124,et-game124,fa-game124
en-game125,de-game125,tr-game125,pt-game125,ar-game125,ru-game125,fr-game125,it-game125,pl-game125,cs-game125,fi-game125,af-game125,sq-game125,am-game125,fr-CA-game125,hy-game125,az-game125,bn-game125,bs-game125,bg-game125,ca-game125,zh-game125,zh-TW-game125,hr-game125,gu-game125,da-game125,fa-AF-game125,nl-game125,et-game125,fa-game125
en-game126,de-game126,tr-game126,pt-game126,ar-game126,ru-game126,fr-game126,it-game126,pl-game126,cs-game126,fi-game126,af-game126,sq-game126,am-game126,fr-CA-game126,hy-game126,az-game126,bn-game126,bs-game126,bg-game126,ca-game126,zh-game126,zh-TW-game126,hr-game126,gu-game126,da-game126,fa-AF-game126,nl-game126,et-game126,fa-game126
en-game127,de-game127,tr-game127,pt-game127,ar-game127,ru-game127,fr-game127,it-game127,pl-game127,cs-game127,fi-game127,af-game127,sq-game127,am-game127,fr-CA-game127,hy-game127,az-game127,bn-game127,bs-game127,bg-game127,ca-game127,zh-game127,zh-TW-game127,hr-game127,gu-game127,da-game127,fa-AF-game127,nl-game127,et-game127,fa-game127
en-game128,de-game128,tr-game128,pt-game128,ar-game128,ru-game128,fr-game128,it-game128,pl-game128,cs-game128,fi-game128,af-game128,sq-game128,am-game128,fr-CA-game128,hy-game128,az-game128,bn-game128,bs-game128,bg-game128,ca-game128,zh-game128,zh-TW-game128,hr-game128,gu-game128,da-game128,fa-AF-game128,nl-game128,et-game128,fa-game128
en-game129,de-game129,tr-game129,pt-game129,ar-game129,ru-game129,fr-game129,it-game129,pl-game129,cs-game129,fi-game129,af-game129,sq-game129,am-game129,fr-CA-game129,hy-game129,az-game129,bn-game129,bs-game129,bg-game129,ca-game129,zh-game129,zh-TW-game129,hr-game129,gu-game129,da-game129,fa-AF-game129,nl-game129,et-game129,fa-game129
en-game130,de-game130,tr-game130,pt-game130,ar-game130,ru-game130,fr-game130,it-game130,pl-game130,cs-game130,fi-game130,af-game130,sq-game130,am-game130,fr-CA-game130,hy-game130,az-game130,bn-game130,bs-game130,bg-game130,ca-game130,zh-game130,zh-TW-game130,hr-game130,gu-game130,da-game130,fa-AF-game130,nl-game130,et-game130,fa-game130
en-game131,de-game131,tr-game131,pt-game131,ar-game131,ru-game131,fr-game131,it-game131,pl-game131,cs-game131,fi-game131,af-game131,sq-game131,am-game131,fr-CA-game131,hy-game131,az-game131,bn-game131,bs-game131,bg-game131,ca-game131,zh-game131,zh-TW-game131,hr-game131,gu-game131,da-game131,fa-AF-game131,nl-game131,et-game131,fa-game131
en-game132,de-game132,tr-game132,pt-game132,ar-game132,ru-game132,fr-game132,it-game132,pl-game132,cs-game132,fi-game132,af-game132,sq-game132,am-game132,fr-CA-game132,hy-game132,az-game132,bn-game132,bs-game132,bg-game132,ca-game132,zh-game132,zh-TW-game132,hr-game132,gu-game132,da-game132,fa-AF-game132,nl-game132,et-game132,fa-game132
en-game133,de-game133,tr-game133,pt-game133,ar-game133,ru-game133,fr-game133,it-game133,pl-game133,cs-game133,fi-game133,af-game133,sq-game133,am-game133,fr-CA-game133,hy-game133,az-game133,bn-game133,bs-game133,bg-game133,ca-game133,zh-game133,zh-TW-game133,hr-game133,gu-game133,da-game133,fa-AF-game133,nl-game133,et-game133,fa-game133
en-game134,de-game134,tr-game134,pt-game134,ar-game134,ru-game134,fr-game134,it-game134,pl-game134,cs-game134,fi-game134,af-game134,sq-game134,am-game134,fr-CA-game134,hy-game134,az-game134,bn-game134,bs-game134,bg-game134,ca-game134,zh-game134,zh-TW-game134,hr-game134,gu-game134,da-game134,fa-AF-game134,nl-game134,et-game134,fa-game134
en-game135,de-game135,tr-game135,pt-game135,ar-game135,ru-game135,fr-game135,it-game135,pl-game135,cs-game135,fi-game135,af-game135,sq-game135,am-game135,fr-CA-game135,hy-game135,az-game135,bn-game135,bs-game135,bg-game135,ca-game135,zh-game135,zh-TW-game135,hr-game135,gu-game135,da-game135,fa-AF-game135,nl-game135,et-game135,fa-game135
en-game136,de-game136,tr-game136,pt-game136,ar-game136,ru-game136,fr-game136,it-game136,pl-game136,cs-game136,fi-game136,af-game136,sq-game136,am-game136,fr-CA-game136,hy-game136,az-game136,bn-game136,bs-game136,bg-game136,ca-game136,zh-game136,zh-TW-game136,hr-game136,gu-game136,da-game136,fa-AF-game136,nl-game136,et-game136,fa-game136
en-game137,de-game137,tr-game137,pt-game137,ar-game137,ru-game137,fr-game137,it-game137,pl-game137,cs-game137,fi-game137,af-game137,sq-game137,am-game137,fr-CA-game137,hy-game137,az-game137,bn-game137,bs-game137,bg-game137,ca-game137,zh-game137,zh-TW-game137,hr-game137,gu-game137,da-game137,fa-AF-game137,nl-game137,et-game137,fa-game137
en-game138,de-game138,tr-game138,pt-game138,ar-game138,ru-game138,fr-game138,it-game138,pl-game138,cs-game138,fi-game138,af-game138,sq-game138,am-game138,fr-CA-game138,hy-game138,az-game138,bn-game138,bs-game138,bg-game138,ca-game138,zh-game138,zh-TW-game138,hr-game138,gu-game138,da-game138,fa-AF-game138,nl-game138,et-game138,fa-game138
en-game139,de-game139,tr-game139,pt-game139,ar-game139,ru-game139,fr-game139,it-game139,pl-game139,cs-game139,fi-game139,af-game139,sq-game139,am-game139,fr-CA-game139,hy-game139,az-game139,bn-game139,bs-game139,bg-game139,ca-game139,zh-game139,zh-TW-game139,hr-game139,gu-game139,da-game139,fa-AF-game139,nl-game139,et-game139,fa-game139
en-game140,de-game140,tr-game140,pt-game140,ar-game140,ru-game140,fr-game140,it-game140,pl-game140,cs-game140,fi-game140,af-game140,sq-game140,am-game140,fr-CA-game140,hy-game140,az-game140,bn-game140,bs-game140,bg-game140,ca-game140,zh-game140,zh-TW-game140,hr-game140,gu-game140,da-game140,fa-AF-game140,nl-game140,et-game140,fa-game140
en-game141,de-game141,tr-game141,pt-game141,ar-game141,ru-game141,fr-game141,it-game141,pl-game141,cs-game141,fi-game141,af-game141,sq-game141,am-game141,fr-CA-game141,hy-game141,az-game141,bn-game141,bs-game141,bg-game141,ca-game141,zh-game141,zh-TW-game141,hr-game141,gu-game141,da-game141,fa-AF-game141,nl-game141,et-game141,fa-game141
en-game142,de-game142,tr-game142,pt-game142,ar-game142,ru-game142,fr-game142,it-game142,pl-game142,cs-game142,fi-game142,af-game142,sq-game142,am-game142,fr-CA-game142,hy-game142,az-game142,bn-game142,bs-game142,bg-game142,ca-game142,zh-game142,zh-TW-game142,hr-game142,gu-game142,da-game142,fa-AF-game142,nl-game142,et-game142,fa-game142
en-game143,de-game143,tr-game143,pt-game143,ar-game143,ru-game143,fr-game143,it-game143,pl-game143,cs-game143,fi-game143,af-game143,sq-game143,am-game143,fr-CA-game143,hy-game143,az-game143,bn-game143,bs-game143,bg-game143,ca-game143,zh-game143,zh-TW-game143,hr-game143,gu-game143,da-game143,fa-AF-game143,nl-game143,et-game143,fa-game143
en-game144,de-game144,tr-game144,pt-game144,ar-game144,ru-game144,fr-game144,it-game144,pl-game144,cs-game144,fi-game144,af-game144,sq-game144,am-game144,fr-CA-game144,hy-game144,az-game144,bn-game144,bs-game144,bg-game144,ca-game144,zh-game144,zh-TW-game144,hr-game144,gu-game144,da-game144,fa-AF-game144,nl-game144,et-game144,fa-game144
en-game145,de-game145,tr-game145,pt-game145,ar-game145,ru-game145,fr-game145,it-game145,pl-game145,cs-game145,fi-game145,af-game145,sq-game145,am-game145,fr-CA-game145,hy-game145,az-game145,bn-game145,bs-game145,bg-game145,ca-game145,zh-game145,zh-TW-game145,hr-game145,gu-game145,da-game145,fa-AF-game145,nl-game145,et-game145,fa-game145
en-game146,de-game146,tr-game146,pt-game146,ar-game146,ru-game146,fr-game146,it-game146,pl-game146,cs-game146,fi-game146,af-game146,sq-game146,am-game146,fr-CA-game146,hy-game146,az-game146,bn-game146,bs-game146,bg-game146,ca-game146,zh-game146,zh-TW-game146,hr-game146,gu-game146,da-game146,fa-AF-game146,nl-game146,et-game146,fa-game146
en-game147,de-game147,tr-game147,pt-game147,ar-game147,ru-game147,fr-game147,it-game147,pl-game147,cs-game147,fi-game147,af-game147,sq-game147,am-game147,fr-CA-game147,hy-game147,az-game147,bn-game147,bs-game147,bg-game147,ca-game147,zh-game147,zh-TW-game147,hr-game147,gu-game147,da-game147,fa-AF-game147,nl-game147,et-game147,fa-game147
en-game148,de-game148,tr-game148,pt-game148,ar-game148,ru-game148,fr-game148,it-game148,pl-game148,cs-game148,fi-game148,af-game148,sq-game148,am-game148,fr-CA-game148,hy-game148,az-game148,bn-game148,bs-game148,bg-game148,ca-game148,zh-game148,zh-TW-game148,hr-game148,gu-game148,da-game148,fa-AF-game148,nl-game148,et-game148,fa-game148
en-game149,de-game149,tr-game149,pt-game149,ar-game149,ru-game149,fr-game149,it-game149,pl-game149,cs-game149,fi-game149,af-game149,sq-game149,am-game149,fr-CA-game149,hy-game149,az-game149,bn-game149,bs-game149,bg-game149,ca-game149,zh-game149,zh-TW-game149,hr-game149,gu-game149,da-game149,fa-AF-game149,nl-game149,et-game149,fa-game149
en-game150,de-game150,tr-game150,pt-game150,ar-game150,ru-game150,fr-game150,it-game150,pl-game150,cs-game150,fi-game150,af-game150,sq-game150,am-game150,fr-CA-game150,hy-game150,az-game150,bn-game150,bs-game150,bg-game150,ca-game150,zh-game150,zh-TW-game150,hr-game150,gu-game150,da-game150,fa-AF-game150,nl-game150,et-game150,fa-game150
en-game151,de-game151,tr-game151,pt-game151,ar-game151,ru-game151,fr-game151,it-game151,pl-game151,cs-game151,fi-game151,af-game151,sq-game151,am-game151,fr-CA-game151,hy-game151,az-game151,bn-game151,bs-game151,bg-game151,ca-game151,zh-game151,zh-TW-game151,hr-game151,gu-game151,da-game151,fa-AF-game151,nl-game151,et-game151,fa-game151
en-game152,de-game152,tr-game152,pt-game152,ar-game152,ru-game152,fr-game152,it-game152,pl-game152,cs-game152,fi-game152,af-game152,sq-game152,am-game152,fr-CA-game152,hy-game152,az-game152,bn-game152,bs-game152,bg-game152,ca-game152,zh-game152,zh-TW-game152,hr-game152,gu-game152,da-game152,fa-AF-game152,nl-game152,et-game152,fa-game152
en-game153,de-game153,tr-game153,pt-game153,ar-game153,ru-game153,fr-game153,it-game153,pl-game153,cs-game153,fi-game153,af-game153,sq-game153,am-game153,fr-CA-game153,hy-game153,az-game153,bn-game153,bs-game153,bg-game153,ca-game153,zh-game153,zh-TW-game153,hr-game153,gu-game153,da-game153,fa-AF-game153,nl-game153,et-game153,fa-game153
en-game154,de-game154,tr-game154,pt-game154,ar-game154,ru-game154,fr-game154,it-game154,pl-game154,cs-game154,fi-game154,af-game154,sq-game154,am-game154,fr-CA-game154,hy-game154,az-game154,bn-game154,bs-game154,bg-game154,ca-game154,zh-game154,zh-TW-game154,hr-game154,gu-game154,da-game154,fa-AF-game154,nl-game154,et-game154,fa-game154
en-game155,de-game155,tr-game155,pt-game155,ar-game155,ru-game155,fr-game155,it-game155,pl-game155,cs-game155,fi-game155,af-game155,sq-game155,am-game155,fr-CA-game155,hy-game155,az-game155,bn-game155,bs-game155,bg-game155,ca-game155,zh-game155,zh-TW-game155,hr-game155,gu-game155,da-game155,fa-AF-game155,nl-game155,et-game155,fa-game155
en-game156,de-game156,tr-game156,pt-game156,ar-game156,ru-game156,fr-game156,it-game156,pl-game156,cs-game156,fi-game156,af-game156,sq-game156,am-game156,fr-CA-game156,hy-game156,az-game156,bn-game156,bs-game156,bg-game156,ca-game156,zh-game156,zh-TW-game156,hr-game156,gu-game156,da-game156,fa-AF-game156,nl-game156,et-game156,fa-game156
en-game157,de-game157,tr-game157,pt-game157,ar-game157,ru-game157,fr-game157,it-game157,pl-game157,cs-game157,fi-game157,af-game157,sq-game157,am-game157,fr-CA-game157,hy-game157,az-game157,bn-game157,bs-game157,bg-game157,ca-game157,zh-game157,zh-TW-game157,hr-game157,gu-game157,da-game157,fa-AF-game157,nl-game157,et-game157,fa-game157
en-game158,de-game158,tr-game158,pt-game158,ar-game158,ru-game158,fr-game158,it-game158,pl-game158,cs-game158,fi-game158,af-game158,sq-game158,am-game158,fr-CA-game158,hy-game158,az-game158,bn-game158,bs-game158,bg-game158,ca-game158,zh-game158,zh-TW-game158,hr-game158,gu-game158,da-game158,fa-AF-game158,nl-game158,et-game158,fa-game158
en-game159,de-game159,tr-game159,pt-game159,ar-game159,ru-game159,fr-game159,it-game159,pl-game159,cs-game159,fi-game159,af-game159,sq-game159,am-game159,fr-CA-game159,hy-game159,az-game159,bn-game159,bs-game159,bg-game159,ca-game159,zh-game159,zh-TW-game159,hr-game159,gu-game159,da-game159,fa-AF-game159,nl-game159,et-game159,fa-game159
en-game160,de-game160,tr-game160,pt-game160,ar-game160,ru-game160,fr-game160,it-game160,pl-game160,cs-game160,fi-game160,af-game160,sq-game160,am-game160,fr-CA-game160,hy-game160,az-game160,bn-game160,bs-game160,bg-game160,ca-game160,zh-game160,zh-TW-game160,hr-game160,gu-game160,da-game160,fa-AF-game160,nl-game160,et-game160,fa-game160
en-game161,de-game161,tr-game161,pt-game161,ar-game161,ru-game161,fr-game161,it-game161,pl-game161,cs-game161,fi-game161,af-game161,sq-game161,am-game161,fr-CA-game161,hy-game161,az-game161,bn-game161,bs-game161,bg-game161,ca-game161,zh-game161,zh-TW-game161,hr-game161,gu-game161,da-game161,fa-AF-game161,nl-game161,et-game161,fa-game161
en-game162,de-game162,tr-game162,pt-game162,ar-game162,ru-game162,fr-game162,it-game162,pl-game162,cs-game162,fi-game162,af-game162,sq-game162,am-game162,fr-CA-game162,hy-game162,az-game162,bn-game162,bs-game162,bg-game162,ca-game162,zh-game162,zh-TW-game162,hr-game162,gu-game162,da-game162,fa-AF-game162,nl-game162,et-game162,fa-game162
en-game163,de-game163,tr-game163,pt-game163,ar-game163,ru-game163,fr-game163,it-game163,pl-game163,cs-game163,fi-game163,af-game163,sq-game163,am-game163,fr-CA-game163,hy-game163,az-game163,bn-game163,bs-game163,bg-game163,ca-game163,zh-game163,zh-TW-game163,hr-game163,gu-game163,da-game163,fa-AF-game163,nl-game163,et-game163,fa-game163
en-game164,de-game164,tr-game164,pt-game164,ar-game164,ru-game164,fr-game164,it-game164,pl-game164,cs-game164,fi-game164,af-game164,sq-game164,am-game164,fr-CA-game164,hy-game164,az-game164,bn-game164,bs-game164,bg-game164,ca-game164,zh-game164,zh-TW-game164,hr-game164,gu-game164,da-game164,fa-AF-game164,nl-game164,et-game164,fa-game164
en-game165,de-game165,tr-game165,pt-game165,ar-game165,ru-game165,fr-game165,it-game165,pl-game165,cs-game165,fi-game165,af-game165,sq-game165,am-game165,fr-CA-game165,hy-game165,az-game165,bn-game165,bs-game165,bg-game165,ca-game165,zh-game165,zh-TW-game165,hr-game165,gu-game165,da-game165,fa-AF-game165,nl-game165,et-game165,fa-game165
en-game166,de-game166,tr-game166,pt-game166,ar-game166,ru-game166,fr-game166,it-game166,pl-game166,cs-game166,fi-game166,af-game166,sq-game166,am-game166,fr-CA-game166,hy-game166,az-game166,bn-game166,bs-game166,bg-game166,ca-game166,zh-game166,zh-TW-game166,hr-game166,gu-game166,da-game166,fa-AF-game166,nl-game166,et-game166,fa-game166
en-game167,de-game167,tr-game167,pt-game167,ar-game167,ru-game167,fr-game167,it-game167,pl-game167,cs-game167,fi-game167,af-game167,sq-game167,am-game167,fr-CA-game167,hy-game167,az-game167,bn-game167,bs-game167,bg-game167,ca-game167,zh-game167,zh-TW-game167,hr-game167,gu-game167,da-game167,fa-AF-game167,nl-game167,et-game167,fa-game167
en-game168,de-game168,tr-game168,pt-game168,ar-game168,ru-game168,fr-game168,it-game168,pl-game168,cs-game168,fi-game168,af-game168,sq-game168,am-game168,fr-CA-game168,hy-game168,az-game168,bn-game168,bs-game168,bg-game168,ca-game168,zh-game168,zh-TW-game168,hr-game168,gu-game168,da-game168,fa-AF-game168,nl-game168,et-game168,fa-game168
en-game169,de-game169,tr-game169,pt-game169,ar-game169,ru-game169,fr-game169,it-game169,pl-game169,cs-game169,fi-game169,af-game169,sq-game169,am-game169,fr-CA-game169,hy-game169,az-game169,bn-game169,bs-game169,bg-game169,ca-game169,zh-game169,zh-TW-game169,hr-game169,gu-game169,da-game169,fa-AF-game169,nl-game169,et-game169,fa-game169
en-game170,de-game170,tr-game170,pt-game170,ar-game170,ru-game170,fr-game170,it-game170,pl-game170,cs-game170,fi-game170,af-game170,sq-game170,am-game170,fr-CA-game170,hy-game170,az-game170,bn-game170,bs-game170,bg-game170,ca-game170,zh-game170,zh-TW-game170,hr-game170,gu-game170,da-game170,fa-AF-game170,nl-game170,et-game170,fa-game170
en-game171,de-game171,tr-game171,pt-game171,ar-game171,ru-game171,fr-game171,it-game171,pl-game171,cs-game171,fi-game171,af-game171,sq-game171,am-game171,fr-CA-game171,hy-game171,az-game171,bn-game171,bs-game171,bg-game171,ca-game171,zh-game171,zh-TW-game171,hr-game171,gu-game171,da-game171,fa-AF-game171,nl-game171,et-game171,fa-game171
en-game172,de-game172,tr-game172,pt-game172,ar-game172,ru-game172,fr-game172,it-game172,pl-game172,cs-game172,fi-game172,af-game172,sq-game172,am-game172,fr-CA-game172,hy-game172,az-game172,bn-game172,bs-game172,bg-game172,ca-game172,zh-game172,zh-TW-game172,hr-game172,gu-game172,da-game172,fa-AF-game172,nl-game172,et-game172,fa-game172
en-game173,de-game173,tr-game173,pt-game173,ar-game173,ru-game173,fr-game173,it-game173,pl-game173,cs-game173,fi-game173,af-game173,sq-game173,am-game173,fr-CA-game173,hy-game173,az-game173,bn-game173,bs-game173,bg-game173,ca-game173,zh-game173,zh-TW-game173,hr-game173,gu-game173,da-game173,fa-AF-game173,nl-game173,et-game173,fa-game173
en-game174,de-game174,tr-game174,pt-game174,ar-game174,ru-game174,fr-game174,it-game174,pl-game174,cs-game174,fi-game174,af-game174,sq-game174,am-game174,fr-CA-game174,hy-game174,az-game174,bn-game174,bs-game174,bg-game174,ca-game174,zh-game174,zh-TW-game174,hr-game174,gu-game174,da-game174,fa-AF-game174,nl-game174,et-game174,fa-game174
en-game175,de-game175,tr-game175,pt-game175,ar-game175,ru-game175,fr-game175,it-game175,pl-game175,cs-game175,fi-game175,af-game175,sq-game175,am-game175,fr-CA-game175,hy-game175,az-game175,bn-game175,bs-game175,bg-game175,ca-game175,zh-game175,zh-TW-game175,hr-game175,gu-game175,da-game175,fa-AF-game175,nl-game175,et-game175,fa-game175
en-game176,de-game176,tr-game176,pt-game176,ar-game176,ru-game176,fr-game176,it-game176,pl-game176,cs-game176,fi-game176,af-game176,sq-game176,am-game176,fr-CA-game176,hy-game176,az-game176,bn-game176,bs-game176,bg-game176,ca-game176,zh-game176,zh-TW-game176,hr-game176,gu-game176,da-game176,fa-AF-game176,nl-game176,et-game176,fa-game176
en-game177,de-game177,tr-game177,pt-game177,ar-game177,ru-game177,fr-game177,it-game177,pl-game177,cs-game177,fi-game177,af-game177,sq-game177,am-game177,fr-CA-game177,hy-game177,az-game177,bn-game177,bs-game177,bg-game177,ca-game177,zh-game177,zh-TW-game177,hr-game177,gu-game177,da-game177,fa-AF-game177,nl-game177,et-game177,fa-game177
en-game178,de-game178,tr-game178,pt-game178,ar-game178,ru-game178,fr-game178,it-game178,pl-game178,cs-game178,fi-game178,af-game178,sq-game178,am-game178,fr-CA-game178,hy-game178,az-game178,bn-game178,bs-game178,bg-game178,ca-game178,zh-game178,zh-TW-game178,hr-game178,gu-game178,da-game178,fa-AF-game178,nl-game178,et-game178,fa-game178
en-game179,de-game179,tr-game179,pt-game179,ar-game179,ru-game179,fr-game179,it-game179,pl-game179,cs-game179,fi-game179,af-game179,sq-game179,am-game179,fr-CA-game179,hy-game179,az-game179,bn-game179,bs-game179,bg-game179,ca-game179,zh-game179,zh-TW-game179,hr-game179,gu-game179,da-game179,fa-AF-game179,nl-game179,et-game179,fa-game179
en-game180,de-game180,tr-game180,pt-game180,ar-game180,ru-game180,fr-game180,it-game180,pl-game180,cs-game180,fi-game180,af-game180,sq-game180,am-game180,fr-CA-game180,hy-game180,az-game180,bn-game180,bs-game180,bg-game180,ca-game180,zh-game180,zh-TW-game180,hr-game180,gu-game180,da-game180,fa-AF-game180,nl-game180,et-game180,fa-game180
en-game181,de-game181,tr-game181,pt-game181,ar-game181,ru-game181,fr-game181,it-game181,pl-game181,cs-game181,fi-game181,af-game181,sq-game181,am-game181,fr-CA-game181,hy-game181,az-game181,bn-game181,bs-game181,bg-game181,ca-game181,zh-game181,zh-TW-game181,hr-game181,gu-game181,da-game181,fa-AF-game181,nl-game181,et-game181,fa-game181
en-game182,de-game182,tr-game182,pt-game182,ar-game182,ru-game182,fr-game182,it-game182,pl-game182,cs-game182,fi-game182,af-game182,sq-game182,am-game182,fr-CA-game182,hy-game182,az-game182,bn-game182,bs-game182,bg-game182,ca-game182,zh-game182,zh-TW-game182,hr-game182,gu-game182,da-game182,fa-AF-game182,nl-game182,et-game182,fa-game182
en-game183,de-game183,tr-game183,pt-game183,ar-game183,ru-game183,fr-game183,it-game183,pl-game183,cs-game183,fi-game183,af-game183,sq-game183,am-game183,fr-CA-game183,hy-game183,az-game183,bn-game183,bs-game183,bg-game183,ca-game183,zh-game183,zh-TW-game183,hr-game183,gu-game183,da-game183,fa-AF-game183,nl-game183,et-game183,fa-game183
en-game184,de-game184,tr-game184,pt-game184,ar-game184,ru-game184,fr-game184,it-game184,pl-game184,cs-game184,fi-game184,af-game184,sq-game184,am-game184,fr-CA-game184,hy-game184,az-game184,bn-game184,bs-game184,bg-game184,ca-game184,zh-game184,zh-TW-game184,hr-game184,gu-game184,da-game184,fa-AF-game184,nl-game184,et-game184,fa-game184
en-game185,de-game185,tr-game185,pt-game185,ar-game185,ru-game185,fr-game185,it-game185,pl-game185,cs-game185,fi-game185,af-game185,sq-game185,am-game185,fr-CA-game185,hy-game185,az-game185,bn-game185,bs-game185,bg-game185,ca-game185,zh-game185,zh-TW-game185,hr-game185,gu-game185,da-game185,fa-AF-game185,nl-game185,et-game185,fa-game185
en-game186,de-game186,tr-game186,pt-game186,ar-game186,ru-game186,fr-game186,it-game186,pl-game186,cs-game186,fi-game186,af-game186,sq-game186,am-game186,fr-CA-game186,hy-game186,az-game186,bn-game186,bs-game186,bg-game186,ca-game186,zh-game186,zh-TW-game186,hr-game186,gu-game186,da-game186,fa-AF-game186,nl-game186,et-game186,fa-game186
en-game187,de-game187,tr-game187,pt-game187,ar-game187,ru-game187,fr-game187,it-game187,pl-game187,cs-game187,fi-game187,af-game187,sq-game187,am-game187,fr-CA-game187,hy-game187,az-game187,bn-game187,bs-game187,bg-game187,ca-game187,zh-game187,zh-TW-game187,hr-game187,gu-game187,da-game187,fa-AF-game187,nl-game187,et-game187,fa-game187
en-game188,de-game188,tr-game188,pt-game188,ar-game188,ru-game188,fr-game188,it-game188,pl-game188,cs-game188,fi-game188,af-game188,sq-game188,am-game188,fr-CA-game188,hy-game188,az-game188,bn-game188,bs-game188,bg-game188,ca-game188,zh-game188,zh-TW-game188,hr-game188,gu-game188,da-game188,fa-AF-game188,nl-game188,et-game188,fa-game188
en-game189,de-game189,tr-game189,pt-game189,ar-game189,ru-game189,fr-game189,it-game189,pl-game189,cs-game189,fi-game189,af-game189,sq-game189,am-game189,fr-CA-game189,hy-game189,az-game189,bn-game189,bs-game189,bg-game189,ca-game189,zh-game189,zh-TW-game189,hr-game189,gu-game189,da-game189,fa-AF-game189,nl-game189,et-game189,fa-game189
en-game190,de-game190,tr-game190,pt-game190,ar-game190,ru-game190,fr-game190,it-game190,pl-game190,cs-game190,fi-game190,af-game190,sq-game190,am-game190,fr-CA-game190,hy-game190,az-game190,bn-game190,bs-game190,bg-game190,ca-game190,zh-game190,zh-TW-game190,hr-game190,gu-game190,da-game190,fa-AF-game190,nl-game190,et-game190,fa-game190
en-game191,de-game191,tr-game191,pt-game191,ar-game191,ru-game191,fr-game191,it-game191,pl-game191,cs-game191,fi-game191,af-game191,sq-game191,am-game191,fr-CA-game191,hy-game191,az-game191,bn-game191,bs-game191,bg-game191,ca-game191,zh-game191,zh-TW-game191,hr-game191,gu-game191,da-game191,fa-AF-game191,nl-game191,et-game191,fa-game191
en-game192,de-game192,tr-game192,pt-game192,ar-game192,ru-game192,fr-game192,it-game192,pl-game192,cs-game192,fi-game192,af-game192,sq-game192,am-game192,fr-CA-game192,hy-game192,az-game192,bn-game192,bs-game192,bg-game192,ca-game192,zh-game192,zh-TW-game192,hr-game192,gu-game192,da-game192,fa-AF-game192,nl-game192,et-game192,fa-game192
en-game193,de-game193,tr-game193,pt-game193,ar-game193,ru-game193,fr-game193,it-game193,pl-game193,cs-game193,fi-game193,af-game193,sq-game193,am-game193,fr-CA-game193,hy-game193,az-game193,bn-game193,bs-game193,bg-game193,ca-game193,zh-game193,zh-TW-game193,hr-game193,gu-game193,da-game193,fa-AF-game193,nl-game193,et-game193,fa-game193
en-game194,de-game194,tr-game194,pt-game194,ar-game194,ru-game194,fr-game194,it-game194,pl-game194,cs-game194,fi-game194,af-game194,sq-game194,am-game194,fr-CA-game194,hy-game194,az-game194,bn-game194,bs-game194,bg-game194,ca-game194,zh-game194,zh-TW-game194,hr-game194,gu-game194,da-game194,fa-AF-game194,nl-game194,et-game194,fa-game194
en-game195,de-game195,tr-game195,pt-game195,ar-game195,ru-game195,fr-game195,it-game195,pl-game195,cs-game195,fi-game195,af-game195,sq-game195,am-game195,fr-CA-game195,hy-game195,az-game195,bn-game195,bs-game195,bg-game195,ca-game195,zh-game195,zh-TW-game195,hr-game195,gu-game195,da-game195,fa-AF-game195,nl-game195,et-game195,fa-game195
en-game196,de-game196,tr-game196,pt-game196,ar-game196,ru-game196,fr-game196,it-game196,pl-game196,cs-game196,fi-game196,af-game196,sq-game196,am-game196,fr-CA-game196,hy-game196,az-game196,bn-game196,bs-game196,bg-game196,ca-game196,zh-game196,zh-TW-game196,hr-game196,gu-game196,da-game196,fa-AF-game196,nl-game196,et-game196,fa-game196
en-game197,de-game197,tr-game197,pt-game197,ar-game197,ru-game197,fr-game197,it-game197,pl-game197,cs-game197,fi-game197,af-game197,sq-game197,am-game197,fr-CA-game197,hy-game197,az-game197,bn-game197,bs-game197,bg-game197,ca-game197,zh-game197,zh-TW-game197,hr-game197,gu-game197,da-game197,fa-AF-game197,nl-game197,et-game197,fa-game197
en-game198,de-game198,tr-game198,pt-game198,ar-game198,ru-game198,fr-game198,it-game198,pl-game198,cs-game198,fi-game198,af-game198,sq-game198,am-game198,fr-CA-game198,hy-game198,az-game198,bn-game198,bs-game198,bg-game198,ca-game198,zh-game198,zh-TW-game198,hr-game198,gu-game198,da-game198,fa-AF-game198,nl-game198,et-game198,fa-game198
en-game199,de-game199,tr-game199,pt-game199,ar-game199,ru-game199,fr-game199,it-game199,pl-game199,cs-game199,fi-game199,af-game199,sq-game199,am-game199,fr-CA-game199,hy-game199,az-game199,bn-game199,bs-game199,bg-game199,ca-game199,zh-game199,zh-TW-game199,hr-game199,gu-game199,da-game199,fa-AF-game199,nl-game199,et-game199,fa-game199
en-game200,de-game200,tr-game200,pt-game200,ar-game200,ru-game200,fr-game200,it-game200,pl-game200,cs-game200,fi-game200,af-game200,sq-game200,am-game200,fr-CA-game200,hy-game200,az-game200,bn-game200,bs-game200,bg-game200,ca-game200,zh-game200,zh-TW-game200,hr-game200,gu-game200,da-game200,fa-AF-game200,nl-game200,et-game200,fa-game200
en-game201,de-game201,tr-game201,pt-game201,ar-game201,ru-game201,fr-game201,it-game201,pl-game201,cs-game201,fi-game201,af-game201,sq-game201,am-game201,fr-CA-game201,hy-game201,az-game201,bn-game201,bs-game201,bg-game201,ca-game201,zh-game201,zh-TW-game201,hr-game201,gu-game201,da-game201,fa-AF-game201,nl-game201,et-game201,fa-game201
en-game202,de-game202,tr-game202,pt-game202,ar-game202,ru-game202,fr-game202,it-game202,pl-game202,cs-game202,fi-game202,af-game202,sq-game202,am-game202,fr-CA-game202,hy-game202,az-game202,bn-game202,bs-game202,bg-game202,ca-game202,zh-game202,zh-TW-game202,hr-game202,gu-game202,da-game202,fa-AF-game202,nl-game202,et-game202,fa-game202
en-game203,de-game203,tr-game203,pt-game203,ar-game203,ru-game203,fr-game203,it-game203,pl-game203,cs-game203,fi-game203,af-game203,sq-game203,am-game203,fr-CA-game203,hy-game203,az-game203,bn-game203,bs-game203,bg-game203,ca-game203,zh-game203,zh-TW-game203,hr-game203,gu-game203,da-game203,fa-AF-game203,nl-game203,et-game203,fa-game203
en-game204,de-game204,tr-game204,pt-game204,ar-game204,ru-game204,fr-game204,it-game204,pl-game204,cs-game204,fi-game204,af-game204,sq-game204,am-game204,fr-CA-game204,hy-game204,az-game204,bn-game204,bs-game204,bg-game204,ca-game204,zh-game204,zh-TW-game204,hr-game204,gu-game204,da-game204,fa-AF-game204,nl-game204,et-game204,fa-game204
en-game205,de-game205,tr-game205,pt-game205,ar-game205,ru-game205,fr-game205,it-game205,pl-game205,cs-game205,fi-game205,af-game205,sq-game205,am-game205,fr-CA-game205,hy-game205,az-game205,bn-game205,bs-game205,bg-game205,ca-game205,zh-game205,zh-TW-game205,hr-game205,gu-game205,da-game205,fa-AF-game205,nl-game205,et-game205,fa-game205
en-game206,de-game206,tr-game206,pt-game206,ar-game206,ru-game206,fr-game206,it-game206,pl-game206,cs-game206,fi-game206,af-game206,sq-game206,am-game206,fr-CA-game206,hy-game206,az-game206,bn-game206,bs-game206,bg-game206,ca-game206,zh-game206,zh-TW-game206,hr-game206,gu-game206,da-game206,fa-AF-game206,nl-game206,et-game206,fa-game206
en-game207,de-game207,tr-game207,pt-game207,ar-game207,ru-game207,fr-game207,it-game207,pl-game207,cs-game207,fi-game207,af-game207,sq-game207,am-game207,fr-CA-game207,hy-game207,az-game207,bn-game207,bs-game207,bg-game207,ca-game207,zh-game207,zh-TW-game207,hr-game207,gu-game207,da-game207,fa-AF-game207,nl-game207,et-game207,fa-game207
en-game208,de-game208,tr-game208,pt-game208,ar-game208,ru-game208,fr-game208,it-game208,pl-game208,cs-game208,fi-game208,af-game208,sq-game208,am-game208,fr-CA-game208,hy-game208,az-game208,bn-game208,bs-game208,bg-game208,ca-game208,zh-game208,zh-TW-game208,hr-game208,gu-game208,da-game208,fa-AF-game208,nl-game208,et-game208,fa-game208
en-game209,de-game209,tr-game209,pt-game209,ar-game209,ru-game209,fr-game209,it-game209,pl-game209,cs-game209,fi-game209,af-game209,sq-game209,am-game209,fr-CA-game209,hy-game209,az-game209,bn-game209,bs-game209,bg-game209,ca-game209,zh-game209,zh-TW-game209,hr-game209,gu-game209,da-game209,fa-AF-game209,nl-game209,et-game209,fa-game209
en-game210,de-game210,tr-game210,pt-game210,ar-game210,ru-game210,fr-game210,it-game210,pl-game210,cs-game210,fi-game210,af-game210,sq-game210,am-game210,fr-CA-game210,hy-game210,az-game210,bn-game210,bs-game210,bg-game210,ca-game210,zh-game210,zh-TW-game210,hr-game210,gu-game210,da-game210,fa-AF-game210,nl-game210,et-game210,fa-game210
en-game211,de-game211,tr-game211,pt-game211,ar-game211,ru-game211,fr-game211,it-game211,pl-game211,cs-game211,fi-game211,af-game211,sq-game211,am-game211,fr-CA-game211,hy-game211,az-game211,bn-game211,bs-game211,bg-game211,ca-game211,zh-game211,zh-TW-game211,hr-game211,gu-game211,da-game211,fa-AF-game211,nl-game211,et-game211,fa-game211
en-game212,de-game212,tr-game212,pt-game212,ar-game212,ru-game212,fr-game212,it-game212,pl-game212,cs-game212,fi-game212,af-game212,sq-game212,am-game212,fr-CA-game212,hy-game212,az-game212,bn-game212,bs-game212,bg-game212,ca-game212,zh-game212,zh-TW-game212,hr-game212,gu-game212,da-game212,fa-AF-game212,nl-game212,et-game212,fa-game212
en-game213,de-game213,tr-game213,pt-game213,ar-game213,ru-game213,fr-game213,it-game213,pl-game213,cs-game213,fi-game213,af-game213,sq-game213,am-game213,fr-CA-game213,hy-game213,az-game213,bn-game213,bs-game213,bg-game213,ca-game213,zh-game213,zh-TW-game213,hr-game213,gu-game213,da-game213,fa-AF-game213,nl-game213,et-game213,fa-game213
en-game214,de-game214,tr-game214,pt-game214,ar-game214,ru-game214,fr-game214,it-game214,pl-game214,cs-game214,fi-game214,af-game214,sq-game214,am-game214,fr-CA-game214,hy-game214,az-game214,bn-game214,bs-game214,bg-game214,ca-game214,zh-game214,zh-TW-game214,hr-game214,gu-game214,da-game214,fa-AF-game214,nl-game214,et-game214,fa-game214
en-game215,de-game215,tr-game215,pt-game215,ar-game215,ru-game215,fr-game215,it-game215,pl-game215,cs-game215,fi-game215,af-game215,sq-game215,am-game215,fr-CA-game215,hy-game215,az-game215,bn-game215,bs-game215,bg-game215,ca-game215,zh-game215,zh-TW-game215,hr-game215,gu-game215,da-game215,fa-AF-game215,nl-game215,et-game215,fa-game215
en-game216,de-game216,tr-game216,pt-game216,ar-game216,ru-game216,fr-game216,it-game216,pl-game216,cs-game216,fi-game216,af-game216,sq-game216,am-game216,fr-CA-game216,hy-game216,az-game216,bn-game216,bs-game216,bg-game216,ca-game216,zh-game216,zh-TW-game216,hr-game216,gu-game216,da-game216,fa-AF-game216,nl-game216,et-game216,fa-game216
en-game217,de-game217,tr-game217,pt-game217,ar-game217,ru-game217,fr-game217,it-game217,pl-game217,cs-game217,fi-game217,af-game217,sq-game217,am-game217,fr-CA-game217,hy-game217,az-game217,bn-game217,bs-game217,bg-game217,ca-game217,zh-game217,zh-TW-game217,hr-game217,gu-game217,da-game217,fa-AF-game217,nl-game217,et-game217,fa-game217
en-game218,de-game218,tr-game218,pt-game218,ar-game218,ru-game218,fr-game218,it-game218,pl-game218,cs-game218,fi-game218,af-game218,sq-game218,am-game218,fr-CA-game218,hy-game218,az-game218,bn-game218,bs-game218,bg-game218,ca-game218,zh-game218,zh-TW-game218,hr-game218,gu-game218,da-game218,fa-AF-game218,nl-game218,et-game218,fa-game218
en-game219,de-game219,tr-game219,pt-game219,ar-game219,ru-game219,fr-game219,it-game219,pl-game219,cs-game219,fi-game219,af-game219,sq-game219,am-game219,fr-CA-game219,hy-game219,az-game219,bn-game219,bs-game219,bg-game219,ca-game219,zh-game219,zh-TW-game219,hr-game219,gu-game219,da-game219,fa-AF-game219,nl-game219,et-game219,fa-game219
en-game220,de-game220,tr-game220,pt-game220,ar-game220,ru-game220,fr-game220,it-game220,pl-game220,cs-game220,fi-game220,af-game220,sq-game220,am-game220,fr-CA-game220,hy-game220,az-game220,bn-game220,bs-game220,bg-game220,ca-game220,zh-game220,zh-TW-game220,hr-game220,gu-game220,da-game220,fa-AF-game220,nl-game220,et-game220,fa-game220
en-game221,de-game221,tr-game221,pt-game221,ar-game221,ru-game221,fr-game221,it-game221,pl-game221,cs-game221,fi-game221,af-game221,sq-game221,am-game221,fr-CA-game221,hy-game221,az-game221,bn-game221,bs-game221,bg-game221,ca-game221,zh-game221,zh-TW-game221,hr-game221,gu-game221,da-game221,fa-AF-game221,nl-game221,et-game221,fa-game221
en-game222,de-game222,tr-game222,pt-game222,ar-game222,ru-game222,fr-game222,it-game222,pl-game222,cs-game222,fi-game222,af-game222,sq-game222,am-game222,fr-CA-game222,hy-game222,az-game222,bn-game222,bs-game222,bg-game222,ca-game222,zh-game222,zh-TW-game222,hr-game222,gu-game222,da-game222,fa-AF-game222,nl-game222,et-game222,fa-game222
en-game223,de-game223,tr-game223,pt-game223,ar-game223,ru-game223,fr-game223,it-game223,pl-game223,cs-game223,fi-game223,af-game223,sq-game223,am-game223,fr-CA-game223,hy-game223,az-game223,bn-game223,bs-game223,bg-game223,ca-game223,zh-game223,zh-TW-game223,hr-game223,gu-game223,da-game223,fa-AF-game223,nl-game223,et-game223,fa-game223
en-game224,de-game224,tr-game224,pt-game224,ar-game224,ru-game224,fr-game224,it-game224,pl-game224,cs-game224,fi-game224,af-game224,sq-game224,am-game224,fr-CA-game224,hy-game224,az-game224,bn-game224,bs-game224,bg-game224,ca-game224,zh-game224,zh-TW-game224,hr-game224,gu-game224,da-game224,fa-AF-game224,nl-game224,et-game224,fa-game224
en-game225,de-game225,tr-game225,pt-game225,ar-game225,ru-game225,fr-game225,it-game225,pl-game225,cs-game225,fi-game225,af-game225,sq-game225,am-game225,fr-CA-game225,hy-game225,az-game225,bn-game225,bs-game225,bg-game225,ca-game225,zh-game225,zh-TW-game225,hr-game225,gu-game225,da-game225,fa-AF-game225,nl-game225,et-game225,fa-game225
en-game226,de-game226,tr-game226,pt-game226,ar-game226,ru-game226,fr-game226,it-game226,pl-game226,cs-game226,fi-game226,af-game226,sq-game226,am-game226,fr-CA-game226,hy-game226,az-game226,bn-game226,bs-game226,bg-game226,ca-game226,zh-game226,zh-TW-game226,hr-game226,gu-game226,da-game226,fa-AF-game226,nl-game226,et-game226,fa-game226
en-game227,de-game227,tr-game227,pt-game227,ar-game227,ru-game227,fr-game227,it-game227,pl-game227,cs-game227,fi-game227,af-game227,sq-game227,am-game227,fr-CA-game227,hy-game227,az-game227,bn-game227,bs-game227,bg-game227,ca-game227,zh-game227,zh-TW-game227,hr-game227,gu-game227,da-game227,fa-AF-game227,nl-game227,et-game227,fa-game227
en-game228,de-game228,tr-game228,pt-game228,ar-game228,ru-game228,fr-game228,it-game228,pl-game228,cs-game228,fi-game228,af-game228,sq-game228,am-game228,fr-CA-game228,hy-game228,az-game228,bn-game228,bs-game228,bg-game228,ca-game228,zh-game228,zh-TW-game228,hr-game228,gu-game228,da-game228,fa-AF-game228,nl-game228,et-game228,fa-game228
en-game229,de-game229,tr-game229,pt-game229,ar-game229,ru-game229,fr-game229,it-game229,pl-game229,cs-game229,fi-game229,af-game229,sq-game229,am-game229,fr-CA-game229,hy-game229,az-game229,bn-game229,bs-game229,bg-game229,ca-game229,zh-game229,zh-TW-game229,hr-game229,gu-game229,da-game229,fa-AF-game229,nl-game229,et-game229,fa-game229
en-game230,de-game230,tr-game230,pt-game230,ar-game230,ru-game230,fr-game230,it-game230,pl-game230,cs-game230,fi-game230,af-game230,sq-game230,am-game230,fr-CA-game230,hy-game230,az-game230,bn-game230,bs-game230,bg-game230,ca-game230,zh-game230,zh-TW-game230,hr-game230,gu-game230,da-game230,fa-AF-game230,nl-game230,et-game230,fa-game230
en-game231,de-game231,tr-game231,pt-game231,ar-game231,ru-game231,fr-game231,it-game231,pl-game231,cs-game231,fi-game231,af-game231,sq-game231,am-game231,fr-CA-game231,hy-game231,az-game231,bn-game231,bs-game231,bg-game231,ca-game231,zh-game231,zh-TW-game231,hr-game231,gu-game231,da-game231,fa-AF-game231,nl-game231,et-game231,fa-game231
en-game232,de-game232,tr-game232,pt-game232,ar-game232,ru-game232,fr-game232,it-game232,pl-game232,cs-game232,fi-game232,af-game232,sq-game232,am-game232,fr-CA-game232,hy-game232,az-game232,bn-game232,bs-game232,bg-game232,ca-game232,zh-game232,zh-TW-game232,hr-game232,gu-game232,da-game232,fa-AF-game232,nl-game232,et-game232,fa-game232
en-game233,de-game233,tr-game233,pt-game233,ar-game233,ru-game233,fr-game233,it-game233,pl-game233,cs-game233,fi-game233,af-game233,sq-game233,am-game233,fr-CA-game233,hy-game233,az-game233,bn-game233,bs-game233,bg-game233,ca-game233,zh-game233,zh-TW-game233,hr-game233,gu-game233,da-game233,fa-AF-game233,nl-game233,et-game233,fa-game233
en-game234,de-game234,tr-game234,pt-game234,ar-game234,ru-game234,fr-game234,it-game234,pl-game234,cs-game234,fi-game234,af-game234,sq-game234,am-game234,fr-CA-game234,hy-game234,az-game234,bn-game234,bs-game234,bg-game234,ca-game234,zh-game234,zh-TW-game234,hr-game234,gu-game234,da-game234,fa-AF-game234,nl-game234,et-game234,fa-game234
en-game235,de-game235,tr-game235,pt-game235,ar-game235,ru-game235,fr-game235,it-game235,pl-game235,cs-game235,fi-game235,af-game235,sq-game235,am-game235,fr-CA-game235,hy-game235,az-game235,bn-game235,bs-game235,bg-game235,ca-game235,zh-game235,zh-TW-game235,hr-game235,gu-game235,da-game235,fa-AF-game235,nl-game235,et-game235,fa-game235
en-game236,de-game236,tr-game236,pt-game236,ar-game236,ru-game236,fr-game236,it-game236,pl-game236,cs-game236,fi-game236,af-game236,sq-game236,am-game236,fr-CA-game236,hy-game236,az-game236,bn-game236,bs-game236,bg-game236,ca-game236,zh-game236,zh-TW-game236,hr-game236,gu-game236,da-game236,fa-AF-game236,nl-game236,et-game236,fa-game236
en-game237,de-game237,tr-game237,pt-game237,ar-game237,ru-game237,fr-game237,it-game237,pl-game237,cs-game237,fi-game237,af-game237,sq-game237,am-game237,fr-CA-game237,hy-game237,az-game237,bn-game237,bs-game237,bg-game237,ca-game237,zh-game237,zh-TW-game237,hr-game237,gu-game237,da-game237,fa-AF-game237,nl-game237,et-game237,fa-game237
en-game238,de-game238,tr-game238,pt-game238,ar-game238,ru-game238,fr-game238,it-game238,pl-game238,cs-game238,fi-game238,af-game238,sq-game238,am-game238,fr-CA-game238,hy-game238,az-game238,bn-game238,bs-game238,bg-game238,ca-game238,zh-game238,zh-TW-game238,hr-game238,gu-game238,da-game238,fa-AF-game238,nl-game238,et-game238,fa-game238
en-game239,de-game239,tr-game239,pt-game239,ar-game239,ru-game239,fr-game239,it-game239,pl-game239,cs-game239,fi-game239,af-game239,sq-game239,am-game239,fr-CA-game239,hy-game239,az-game239,bn-game239,bs-game239,bg-game239,ca-game239,zh-game239,zh-TW-game239,hr-game239,gu-game239,da-game239,fa-AF-game239,nl-game239,et-game239,fa-game239
en-game240,de-game240,tr-game240,pt-game240,ar-game240,ru-game240,fr-game240,it-game240,pl-game240,cs-game240,fi-game240,af-game240,sq-game240,am-game240,fr-CA-game240,hy-game240,az-game240,bn-game240,bs-game240,bg-game240,ca-game240,zh-game240,zh-TW-game240,hr-game240,gu-game240,da-game240,fa-AF-game240,nl-game240,et-game240,fa-game240
en-game241,de-game241,tr-game241,pt-game241,ar-game241,ru-game241,fr-game241,it-game241,pl-game241,cs-game241,fi-game241,af-game241,sq-game241,am-game241,fr-CA-game241,hy-game241,az-game241,bn-game241,bs-game241,bg-game241,ca-game241,zh-game241,zh-TW-game241,hr-game241,gu-game241,da-game241,fa-AF-game241,nl-game241,et-game241,fa-game241
en-game242,de-game242,tr-game242,pt-game242,ar-game242,ru-game242,fr-game242,it-game242,pl-game242,cs-game242,fi-game242,af-game242,sq-game242,am-game242,fr-CA-game242,hy-game242,az-game242,bn-game242,bs-game242,bg-game242,ca-game242,zh-game242,zh-TW-game242,hr-game242,gu-game242,da-game242,fa-AF-game242,nl-game242,et-game242,fa-game242
en-game243,de-game243,tr-game243,pt-game243,ar-game243,ru-game243,fr-game243,it-game243,pl-game243,cs-game243,fi-game243,af-game243,sq-game243,am-game243,fr-CA-game243,hy-game243,az-game243,bn-game243,bs-game243,bg-game243,ca-game243,zh-game243,zh-TW-game243,hr-game243,gu-game243,da-game243,fa-AF-game243,nl-game243,et-game243,fa-game243
en-game244,de-game244,tr-game244,pt-game244,ar-game244,ru-game244,fr-game244,it-game244,pl-game244,cs-game244,fi-game244,af-game244,sq-game244,am-game244,fr-CA-game244,hy-game244,az-game244,bn-game244,bs-game244,bg-game244,ca-game244,zh-game244,zh-TW-game244,hr-game244,gu-game244,da-game244,fa-AF-game244,nl-game244,et-game244,fa-game244
en-game245,de-game245,tr-game245,pt-game245,ar-game245,ru-game245,fr-game245,it-game245,pl-game245,cs-game245,fi-game245,af-game245,sq-game245,am-game245,fr-CA-game245,hy-game245,az-game245,bn-game245,bs-game245,bg-game245,ca-game245,zh-game245,zh-TW-game245,hr-game245,gu-game245,da-game245,fa-AF-game245,nl-game245,et-game245,fa-game245
en-game246,de-game246,tr-game246,pt-game246,ar-game246,ru-game246,fr-game246,it-game246,pl-game246,cs-game246,fi-game246,af-game246,sq-game246,am-game246,fr-CA-game246,hy-game246,az-game246,bn-game246,bs-game246,bg-game246,ca-game246,zh-game246,zh-TW-game246,hr-game246,gu-game246,da-game246,fa-AF-game246,nl-game246,et-game246,fa-game246
en-game247,de-game247,tr-game247,pt-game247,ar-game247,ru-game247,fr-game247,it-game247,pl-game247,cs-game247,fi-game247,af-game247,sq-game247,am-game247,fr-CA-game247,hy-game247,az-game247,bn-game247,bs-game247,bg-game247,ca-game247,zh-game247,zh-TW-game247,hr-game247,gu-game247,da-game247,fa-AF-game247,nl-game247,et-game247,fa-game247
en-game248,de-game248,tr-game248,pt-game248,ar-game248,ru-game248,fr-game248,it-game248,pl-game248,cs-game248,fi-game248,af-game248,sq-game248,am-game248,fr-CA-game248,hy-game248,az-game248,bn-game248,bs-game248,bg-game248,ca-game248,zh-game248,zh-TW-game248,hr-game248,gu-game248,da-game248,fa-AF-game248,nl-game248,et-game248,fa-game248
en-game249,de-game249,tr-game249,pt-game249,ar-game249,ru-game249,fr-game249,it-game249,pl-game249,cs-game249,fi-game249,af-game249,sq-game249,am-game249,fr-CA-game249,hy-game249,az-game249,bn-game249,bs-game249,bg-game249,ca-game249,zh-game249,zh-TW-game249,hr-game249,gu-game249,da-game249,fa-AF-game249,nl-game249,et-game249,fa-game249
en-game250,de-game250,tr-game250,pt-game250,ar-game250,ru-game250,fr-game250,it-game250,pl-game250,cs-game250,fi-game250,af-game250,sq-game250,am-game250,fr-CA-game250,hy-game250,az-game250,bn-game250,bs-game250,bg-game250,ca-game250,zh-game250,zh-TW-game250,hr-game250,gu-game250,da-game250,fa-AF-game250,nl-game250,et-game250,fa-game250
en-game251,de-game251,tr-game251,pt-game251,ar-game251,ru-game251,fr-game251,it-game251,pl-game251,cs-game251,fi-game251,af-game251,sq-game251,am-game251,fr-CA-game251,hy-game251,az-game251,bn-game251,bs-game251,bg-game251,ca-game251,zh-game251,zh-TW-game251,hr-game251,gu-game251,da-game251,fa-AF-game251,nl-game251,et-game251,fa-game251
en-game252,de-game252,tr-game252,pt-game252,ar-game252,ru-game252,fr-game252,it-game252,pl-game252,cs-game252,fi-game252,af-game252,sq-game252,am-game252,fr-CA-game252,hy-game252,az-game252,bn-game252,bs-game252,bg-game252,ca-game252,zh-game252,zh-TW-game252,hr-game252,gu-game252,da-game252,fa-AF-game252,nl-game252,et-game252,fa-game252
en-game253,de-game253,tr-game253,pt-game253,ar-game253,ru-game253,fr-game253,it-game253,pl-game253,cs-game253,fi-game253,af-game253,sq-game253,am-game253,fr-CA-game253,hy-game253,az-game253,bn-game253,bs-game253,bg-game253,ca-game253,zh-game253,zh-TW-game253,hr-game253,gu-game253,da-game253,fa-AF-game253,nl-game253,et-game253,fa-game253
en-game254,de-game254,tr-game254,pt-game254,ar-game254,ru-game254,fr-game254,it-game254,pl-game254,cs-game254,fi-game254,af-game254,sq-game254,am-game254,fr-CA-game254,hy-game254,az-game254,bn-game254,bs-game254,bg-game254,ca-game254,zh-game254,zh-TW-game254,hr-game254,gu-game254,da-game254,fa-AF-game254,nl-game254,et-game254,fa-game254
en-game255,de-game255,tr-game255,pt-game255,ar-game255,ru-game255,fr-game255,it-game255,pl-game255,cs-game255,fi-game255,af-game255,sq-game255,am-game255,fr-CA-game255,hy-game255,az-game255,bn-game255,bs-game255,bg-game255,ca-game255,zh-game255,zh-TW-game255,hr-game255,gu-game255,da-game255,fa-AF-game255,nl-game255,et-game255,fa-game255
en-game256,de-game256,tr-game256,pt-game256,ar-game256,ru-game256,fr-game256,it-game256,pl-game256,cs-game256,fi-game256,af-game256,sq-game256,am-game256,fr-CA-game256,hy-game256,az-game256,bn-game256,bs-game256,bg-game256,ca-game256,zh-game256,zh-TW-game256,hr-game256,gu-game256,da-game256,fa-AF-game256,nl-game256,et-game256,fa-game256
en-game257,de-game257,tr-game257,pt-game257,ar-game257,ru-game257,fr-game257,it-game257,pl-game257,cs-game257,fi-game257,af-game257,sq-game257,am-game257,fr-CA-game257,hy-game257,az-game257,bn-game257,bs-game257,bg-game257,ca-game257,zh-game257,zh-TW-game257,hr-game257,gu-game257,da-game257,fa-AF-game257,nl-game257,et-game257,fa-game257
en-game258,de-game258,tr-game258,pt-game258,ar-game258,ru-game258,fr-game258,it-game258,pl-game258,cs-game258,fi-game258,af-game258,sq-game258,am-game258,fr-CA-game258,hy-game258,az-game258,bn-game258,bs-game258,bg-game258,ca-game258,zh-game258,zh-TW-game258,hr-game258,gu-game258,da-game258,fa-AF-game258,nl-game258,et-game258,fa-game258
en-game259,de-game259,tr-game259,pt-game259,ar-game259,ru-game259,fr-game259,it-game259,pl-game259,cs-game259,fi-game259,af-game259,sq-game259,am-game259,fr-CA-game259,hy-game259,az-game259,bn-game259,bs-game259,bg-game259,ca-game259,zh-game259,zh-TW-game259,hr-game259,gu-game259,da-game259,fa-AF-game259,nl-game259,et-game259,fa-game259
en-game260,de-game260,tr-game260,pt-game260,ar-game260,ru-game260,fr-game260,it-game260,pl-game260,cs-game260,fi-game260,af-game260,sq-game260,am-game260,fr-CA-game260,hy-game260,az-game260,bn-game260,bs-game260,bg-game260,ca-game260,zh-game260,zh-TW-game260,hr-game260,gu-game260,da-game260,fa-AF-game260,nl-game260,et-game260,fa-game260
en-game261,de-game261,tr-game261,pt-game261,ar-game261,ru-game261,fr-game261,it-game261,pl-game261,cs-game261,fi-game261,af-game261,sq-game261,am-game261,fr-CA-game261,hy-game261,az-game261,bn-game261,bs-game261,bg-game261,ca-game261,zh-game261,zh-TW-game261,hr-game261,gu-game261,da-game261,fa-AF-game261,nl-game261,et-game261,fa-game261
en-game262,de-game262,tr-game262,pt-game262,ar-game262,ru-game262,fr-game262,it-game262,pl-game262,cs-game262,fi-game262,af-game262,sq-game262,am-game262,fr-CA-game262,hy-game262,az-game262,bn-game262,bs-game262,bg-game262,ca-game262,zh-game262,zh-TW-game262,hr-game262,gu-game262,da-game262,fa-AF-game262,nl-game262,et-game262,fa-game262
en-game263,de-game263,tr-game263,pt-game263,ar-game263,ru-game263,fr-game263,it-game263,pl-game263,cs-game263,fi-game263,af-game263,sq-game263,am-game263,fr-CA-game263,hy-game263,az-game263,bn-game263,bs-game263,bg-game263,ca-game263,zh-game263,zh-TW-game263,hr-game263,gu-game263,da-game263,fa-AF-game263,nl-game263,et-game263,fa-game263
en-game264,de-game264,tr-game264,pt-game264,ar-game264,ru-game264,fr-game264,it-game264,pl-game264,cs-game264,fi-game264,af-game264,sq-game264,am-game264,fr-CA-game264,hy-game264,az-game264,bn-game264,bs-game264,bg-game264,ca-game264,zh-game264,zh-TW-game264,hr-game264,gu-game264,da-game264,fa-AF-game264,nl-game264,et-game264,fa-game264
en-game265,de-game265,tr-game265,pt-game265,ar-game265,ru-game265,fr-game265,it-game265,pl-game265,cs-game265,fi-game265,af-game265,sq-game265,am-game265,fr-CA-game265,hy-game265,az-game265,bn-game265,bs-game265,bg-game265,ca-game265,zh-game265,zh-TW-game265,hr-game265,gu-game265,da-game265,fa-AF-game265,nl-game265,et-game265,fa-game265
en-game266,de-game266,tr-game266,pt-game266,ar-game266,ru-game266,fr-game266,it-game266,pl-game266,cs-game266,fi-game266,af-game266,sq-game266,am-game266,fr-CA-game266,hy-game266,az-game266,bn-game266,bs-game266,bg-game266,ca-game266,zh-game266,zh-TW-game266,hr-game266,gu-game266,da-game266,fa-AF-game266,nl-game266,et-game266,fa-game266
en-game267,de-game267,tr-game267,pt-game267,ar-game267,ru-game267,fr-game267,it-game267,pl-game267,cs-game267,fi-game267,af-game267,sq-game267,am-game267,fr-CA-game267,hy-game267,az-game267,bn-game267,bs-game267,bg-game267,ca-game267,zh-game267,zh-TW-game267,hr-game267,gu-game267,da-game267,fa-AF-game267,nl-game267,et-game267,fa-game267
en-game268,de-game268,tr-game268,pt-game268,ar-game268,ru-game268,fr-game268,it-game268,pl-game268,cs-game268,fi-game268,af-game268,sq-game268,am-game268,fr-CA-game268,hy-game268,az-game268,bn-game268,bs-game268,bg-game268,ca-game268,zh-game268,zh-TW-game268,hr-game268,gu-game268,da-game268,fa-AF-game268,nl-game268,et-game268,fa-game268
en-game269,de-game269,tr-game269,pt-game269,ar-game269,ru-game269,fr-game269,it-game269,pl-game269,cs-game269,fi-game269,af-game269,sq-game269,am-game269,fr-CA-game269,hy-game269,az-game269,bn-game269,bs-game269,bg-game269,ca-game269,zh-game269,zh-TW-game269,hr-game269,gu-game269,da-game269,fa-AF-game269,nl-game269,et-game269,fa-game269
en-game270,de-game270,tr-game270,pt-game270,ar-game270,ru-game270,fr-game270,it-game270,pl-game270,cs-game270,fi-game270,af-game270,sq-game270,am-game270,fr-CA-game270,hy-game270,az-game270,bn-game270,bs-game270,bg-game270,ca-game270,zh-game270,zh-TW-game270,hr-game270,gu-game270,da-game270,fa-AF-game270,nl-game270,et-game270,fa-game270
en-game271,de-game271,tr-game271,pt-game271,ar-game271,ru-game271,fr-game271,it-game271,pl-game271,cs-game271,fi-game271,af-game271,sq-game271,am-game271,fr-CA-game271,hy-game271,az-game271,bn-game271,bs-game271,bg-game271,ca-game271,zh-game271,zh-TW-game271,hr-game271,gu-game271,da-game271,fa-AF-game271,nl-game271,et-game271,fa-game271
en-game272,de-game272,tr-game272,pt-game272,ar-game272,ru-game272,fr-game272,it-game272,pl-game272,cs-game272,fi-game272,af-game272,sq-game272,am-game272,fr-CA-game272,hy-game272,az-game272,bn-game272,bs-game272,bg-game272,ca-game272,zh-game272,zh-TW-game272,hr-game272,gu-game272,da-game272,fa-AF-game272,nl-game272,et-game272,fa-game272
en-game273,de-game273,tr-game273,pt-game273,ar-game273,ru-game273,fr-game273,it-game273,pl-game273,cs-game273,fi-game273,af-game273,sq-game273,am-game273,fr-CA-game273,hy-game273,az-game273,bn-game273,bs-game273,bg-game273,ca-game273,zh-game273,zh-TW-game273,hr-game273,gu-game273,da-game273,fa-AF-game273,nl-game273,et-game273,fa-game273
en-game274,de-game274,tr-game274,pt-game274,ar-game274,ru-game274,fr-game274,it-game274,pl-game274,cs-game274,fi-game274,af-game274,sq-game274,am-game274,fr-CA-game274,hy-game274,az-game274,bn-game274,bs-game274,bg-game274,ca-game274,zh-game274,zh-TW-game274,hr-game274,gu-game274,da-game274,fa-AF-game274,nl-game274,et-game274,fa-game274
en-game275,de-game275,tr-game275,pt-game275,ar-game275,ru-game275,fr-game275,it-game275,pl-game275,cs-game275,fi-game275,af-game275,sq-game275,am-game275,fr-CA-game275,hy-game275,az-game275,bn-game275,bs-game275,bg-game275,ca-game275,zh-game275,zh-TW-game275,hr-game275,gu-game275,da-game275,fa-AF-game275,nl-game275,et-game275,fa-game275
en-game276,de-game276,tr-game276,pt-game276,ar-game276,ru-game276,fr-game276,it-game276,pl-game276,cs-game276,fi-game276,af-game276,sq-game276,am-game276,fr-CA-game276,hy-game276,az-game276,bn-game276,bs-game276,bg-game276,ca-game276,zh-game276,zh-TW-game276,hr-game276,gu-game276,da-game276,fa-AF-game276,nl-game276,et-game276,fa-game276
en-game277,de-game277,tr-game277,pt-game277,ar-game277,ru-game277,fr-game277,it-game277,pl-game277,cs-game277,fi-game277,af-game277,sq-game277,am-game277,fr-CA-game277,hy-game277,az-game277,bn-game277,bs-game277,bg-game277,ca-game277,zh-game277,zh-TW-game277,hr-game277,gu-game277,da-game277,fa-AF-game277,nl-game277,et-game277,fa-game277
en-game278,de-game278,tr-game278,pt-game278,ar-game278,ru-game278,fr-game278,it-game278,pl-game278,cs-game278,fi-game278,af-game278,sq-game278,am-game278,fr-CA-game278,hy-game278,az-game278,bn-game278,bs-game278,bg-game278,ca-game278,zh-game278,zh-TW-game278,hr-game278,gu-game278,da-game278,fa-AF-game278,nl-game278,et-game278,fa-game278
en-game279,de-game279,tr-game279,pt-game279,ar-game279,ru-game279,fr-game279,it-game279,pl-game279,cs-game279,fi-game279,af-game279,sq-game279,am-game279,fr-CA-game279,hy-game279,az-game279,bn-game279,bs-game279,bg-game279,ca-game279,zh-game279,zh-TW-game279,hr-game279,gu-game279,da-game279,fa-AF-game279,nl-game279,et-game279,fa-game279
en-game280,de-game280,tr-game280,pt-game280,ar-game280,ru-game280,fr-game280,it-game280,pl-game280,cs-game280,fi-game280,af-game280,sq-game280,am-game280,fr-CA-game280,hy-game280,az-game280,bn-game280,bs-game280,bg-game280,ca-game280,zh-game280,zh-TW-game280,hr-game280,gu-game280,da-game280,fa-AF-game280,nl-game280,et-game280,fa-game280
en-game281,de-game281,tr-game281,pt-game281,ar-game281,ru-game281,fr-game281,it-game281,pl-game281,cs-game281,fi-game281,af-game281,sq-game281,am-game281,fr-CA-game281,hy-game281,az-game281,bn-game281,bs-game281,bg-game281,ca-game281,zh-game281,zh-TW-game281,hr-game281,gu-game281,da-game281,fa-AF-game281,nl-game281,et-game281,fa-game281
en-game282,de-game282,tr-game282,pt-game282,ar-game282,ru-game282,fr-game282,it-game282,pl-game282,cs-game282,fi-game282,af-game282,sq-game282,am-game282,fr-CA-game282,hy-game282,az-game282,bn-game282,bs-game282,bg-game282,ca-game282,zh-game282,zh-TW-game282,hr-game282,gu-game282,da-game282,fa-AF-game282,nl-game282,et-game282,fa-game282
en-game283,de-game283,tr-game283,pt-game283,ar-game283,ru-game283,fr-game283,it-game283,pl-game283,cs-game283,fi-game283,af-game283,sq-game283,am-game283,fr-CA-game283,hy-game283,az-game283,bn-game283,bs-game283,bg-game283,ca-game283,zh-game283,zh-TW-game283,hr-game283,gu-game283,da-game283,fa-AF-game283,nl-game283,et-game283,fa-game283
en-game284,de-game284,tr-game284,pt-game284,ar-game284,ru-game284,fr-game284,it-game284,pl-game284,cs-game284,fi-game284,af-game284,sq-game284,am-game284,fr-CA-game284,hy-game284,az-game284,bn-game284,bs-game284,bg-game284,ca-game284,zh-game284,zh-TW-game284,hr-game284,gu-game284,da-game284,fa-AF-game284,nl-game284,et-game284,fa-game284
en-game285,de-game285,tr-game285,pt-game285,ar-game285,ru-game285,fr-game285,it-game285,pl-game285,cs-game285,fi-game285,af-game285,sq-game285,am-game285,fr-CA-game285,hy-game285,az-game285,bn-game285,bs-game285,bg-game285,ca-game285,zh-game285,zh-TW-game285,hr-game285,gu-game285,da-game285,fa-AF-game285,nl-game285,et-game285,fa-game285
en-game286,de-game286,tr-game286,pt-game286,ar-game286,ru-game286,fr-game286,it-game286,pl-game286,cs-game286,fi-game286,af-game286,sq-game286,am-game286,fr-CA-game286,hy-game286,az-game286,bn-game286,bs-game286,bg-game286,ca-game286,zh-game286,zh-TW-game286,hr-game286,gu-game286,da-game286,fa-AF-game286,nl-game286,et-game286,fa-game286
en-game287,de-game287,tr-game287,pt-game287,ar-game287,ru-game287,fr-game287,it-game287,pl-game287,cs-game287,fi-game287,af-game287,sq-game287,am-game287,fr-CA-game287,hy-game287,az-game287,bn-game287,bs-game287,bg-game287,ca-game287,zh-game287,zh-TW-game287,hr-game287,gu-game287,da-game287,fa-AF-game287,nl-game287,et-game287,fa-game287
en-game288,de-game288,tr-game288,pt-game288,ar-game288,ru-game288,fr-game288,it-game288,pl-game288,cs-game288,fi-game288,af-game288,sq-game288,am-game288,fr-CA-game288,hy-game288,az-game288,bn-game288,bs-game288,bg-game288,ca-game288,zh-game288,zh-TW-game288,hr-game288,gu-game288,da-game288,fa-AF-game288,nl-game288,et-game288,fa-game288
en-game289,de-game289,tr-game289,pt-game289,ar-game289,ru-game289,fr-game289,it-game289,pl-game289,cs-game289,fi-game289,af-game289,sq-game289,am-game289,fr-CA-game289,hy-game289,az-game289,bn-game289,bs-game289,bg-game289,ca-game289,zh-game289,zh-TW-game289,hr-game289,gu-game289,da-game289,fa-AF-game289,nl-game289,et-game289,fa-game289
en-game290,de-game290,tr-game290,pt-game290,ar-game290,ru-game290,fr-game290,it-game290,pl-game290,cs-game290,fi-game290,af-game290,sq-game290,am-game290,fr-CA-game290,hy-game290,az-game290,bn-game290,bs-game290,bg-game290,ca-game290,zh-game290,zh-TW-game290,hr-game290,gu-game290,da-game290,fa-AF-game290,nl-game290,et-game290,fa-game290
en-game291,de-game291,tr-game291,pt-game291,ar-game291,ru-game291,fr-game291,it-game291,pl-game291,cs-game291,fi-game291,af-game291,sq-game291,am-game291,fr-CA-game291,hy-game291,az-game291,bn-game291,bs-game291,bg-game291,ca-game291,zh-game291,zh-TW-game291,hr-game291,gu-game291,da-game291,fa-AF-game291,nl-game291,et-game291,fa-game291
en-game292,de-game292,tr-game292,pt-game292,ar-game292,ru-game292,fr-game292,it-game292,pl-game292,cs-game292,fi-game292,af-game292,sq-game292,am-game292,fr-CA-game292,hy-game292,az-game292,bn-game292,bs-game292,bg-game292,ca-game292,zh-game292,zh-TW-game292,hr-game292,gu-game292,da-game292,fa-AF-game292,nl-game292,et-game292,fa-game292
en-game293,de-game293,tr-game293,pt-game293,ar-game293,ru-game293,fr-game293,it-game293,pl-game293,cs-game293,fi-game293,af-game293,sq-game293,am-game293,fr-CA-game293,hy-game293,az-game293,bn-game293,bs-game293,bg-game293,ca-game293,zh-game293,zh-TW-game293,hr-game293,gu-game293,da-game293,fa-AF-game293,nl-game293,et-game293,fa-game293
en-game294,de-game294,tr-game294,pt-game294,ar-game294,ru-game294,fr-game294,it-game294,pl-game294,cs-game294,fi-game294,af-game294,sq-game294,am-game294,fr-CA-game294,hy-game294,az-game294,bn-game294,bs-game294,bg-game294,ca-game294,zh-game294,zh-TW-game294,hr-game294,gu-game294,da-game294,fa-AF-game294,nl-game294,et-game294,fa-game294
en-game295,de-game295,tr-game295,pt-game295,ar-game295,ru-game295,fr-game295,it-game295,pl-game295,cs-game295,fi-game295,af-game295,sq-game295,am-game295,fr-CA-game295,hy-game295,az-game295,bn-game295,bs-game295,bg-game295,ca-game295,zh-game295,zh-TW-game295,hr-game295,gu-game295,da-game295,fa-AF-game295,nl-game295,et-game295,fa-game295
en-game296,de-game296,tr-game296,pt-game296,ar-game296,ru-game296,fr-game296,it-game296,pl-game296,cs-game296,fi-game296,af-game296,sq-game296,am-game296,fr-CA-game296,hy-game296,az-game296,bn-game296,bs-game296,bg-game296,ca-game296,zh-game296,zh-TW-game296,hr-game296,gu-game296,da-game296,fa-AF-game296,nl-game296,et-game296,fa-game296
en-game297,de-game297,tr-game297,pt-game297,ar-game297,ru-game297,fr-game297,it-game297,pl-game297,cs-game297,fi-game297,af-game297,sq-game297,am-game297,fr-CA-game297,hy-game297,az-game297,bn-game297,bs-game297,bg-game297,ca-game297,zh-game297,zh-TW-game297,hr-game297,gu-game297,da-game297,fa-AF-game297,nl-game297,et-game297,fa-game297
en-game298,de-game298,tr-game298,pt-game298,ar-game298,ru-game298,fr-game298,it-game298,pl-game298,cs-game298,fi-game298,af-game298,sq-game298,am-game298,fr-CA-game298,hy-game298,az-game298,bn-game298,bs-game298,bg-game298,ca-game298,zh-game298,zh-TW-game298,hr-game298,gu-game298,da-game298,fa-AF-game298,nl-game298,et-game298,fa-game298
en-game299,de-game299,tr-game299,pt-game299,ar-game299,ru-game299,fr-game299,it-game299,pl-game299,cs-game299,fi-game299,af-game299,sq-game299,am-game299,fr-CA-game299,hy-game299,az-game299,bn-game299,bs-game299,bg-game299,ca-game299,zh-game299,zh-TW-game299,hr-game299,gu-game299,da-game299,fa-AF-game299,nl-game299,et-game299,fa-game299
en-game300,de-game300,tr-game300,pt-game300,ar-game300,ru-game300,fr-game300,it-game300,pl-game300,cs-game300,fi-game300,af-game300,sq-game300,am-game300,fr-CA-game300,hy-game300,az-game300,bn-game300,bs-game300,bg-game300,ca-game300,zh-game300,zh-TW-game300,hr-game300,gu-game300,da-game300,fa-AF-game300,nl-game300,et-game300,fa-game300